-- phpMyAdmin SQL Dump
-- version 4.8.4
-- https://www.phpmyadmin.net/
--
-- Host: 127.0.0.1
-- Generation Time: Oct 16, 2019 at 09:34 AM
-- Server version: 10.1.37-MariaDB
-- PHP Version: 7.3.1

SET SQL_MODE = "NO_AUTO_VALUE_ON_ZERO";
SET AUTOCOMMIT = 0;
START TRANSACTION;
SET time_zone = "+00:00";


/*!40101 SET @OLD_CHARACTER_SET_CLIENT=@@CHARACTER_SET_CLIENT */;
/*!40101 SET @OLD_CHARACTER_SET_RESULTS=@@CHARACTER_SET_RESULTS */;
/*!40101 SET @OLD_COLLATION_CONNECTION=@@COLLATION_CONNECTION */;
/*!40101 SET NAMES utf8mb4 */;

--
-- Database: `devote`
--

-- --------------------------------------------------------

--
-- Table structure for table `admin`
--

CREATE TABLE `admin` (
  `id_admin` int(10) NOT NULL,
  `username` varchar(50) NOT NULL,
  `nama` varchar(50) NOT NULL,
  `password` varchar(200) NOT NULL
) ENGINE=InnoDB DEFAULT CHARSET=latin1;

--
-- Dumping data for table `admin`
--

INSERT INTO `admin` (`id_admin`, `username`, `nama`, `password`) VALUES
(1, 'AdminDevote', 'DeVote', '7ae851d0e923a29597d6352030f7471fa7953a5f'),
(2, 'DevoteAdmin', 'DeVote', '7ae851d0e923a29597d6352030f7471fa7953a5f');

-- --------------------------------------------------------

--
-- Table structure for table `aspirasi`
--

CREATE TABLE `aspirasi` (
  `id_aspirasi` int(10) NOT NULL,
  `id_user` int(10) NOT NULL,
  `isi` text NOT NULL,
  `waktu` timestamp NOT NULL DEFAULT CURRENT_TIMESTAMP ON UPDATE CURRENT_TIMESTAMP
) ENGINE=InnoDB DEFAULT CHARSET=latin1;

-- --------------------------------------------------------

--
-- Table structure for table `calon`
--

CREATE TABLE `calon` (
  `id_calon` int(10) NOT NULL,
  `nama_calon` varchar(50) NOT NULL,
  `visi` varchar(1000) DEFAULT NULL,
  `misi` varchar(1000) DEFAULT NULL,
  `foto` varchar(100) NOT NULL,
  `jenis_calon` enum('CALON','OSIS') NOT NULL
) ENGINE=InnoDB DEFAULT CHARSET=latin1;

-- --------------------------------------------------------

--
-- Table structure for table `kelas`
--

CREATE TABLE `kelas` (
  `id_kelas` int(10) NOT NULL,
  `nama_kelas` varchar(10) NOT NULL
) ENGINE=InnoDB DEFAULT CHARSET=latin1;

--
-- Dumping data for table `kelas`
--

INSERT INTO `kelas` (`id_kelas`, `nama_kelas`) VALUES
(1, 'X TMT 1'),
(2, 'X TMT 2'),
(3, 'X RPL 1'),
(4, 'X RPL 2'),
(5, 'X TKJ 1'),
(6, 'X TKJ 2'),
(7, 'X APAT 1'),
(8, 'X APAT 2'),
(9, 'X APAT 3'),
(10, 'X BDP 1'),
(11, 'X BDP 2'),
(12, 'X OTKP 1'),
(13, 'X OTKP 2'),
(14, 'X OTKP 3'),
(15, 'X AKL 1'),
(16, 'X AKL 2'),
(17, 'X AKL 3'),
(18, 'X TB 1'),
(19, 'X TB 2'),
(20, 'XI TMT 1'),
(21, 'XI TMT 2'),
(22, 'XI RPL 1'),
(23, 'XI RPL 2'),
(24, 'XI TKJ 1'),
(25, 'XI TKJ 2'),
(26, 'XI APAT 1'),
(27, 'XI APAT 2'),
(28, 'XI APAT 3'),
(29, 'XI BDP 1'),
(30, 'XI BDP 2'),
(31, 'XI OTKP 1'),
(32, 'XI OTKP 2'),
(33, 'XI OTKP 3'),
(34, 'XI AKKL 1'),
(35, 'XI AKKL 2'),
(36, 'XI AKKL 3'),
(37, 'XI TB 1'),
(38, 'XI TB 2'),
(39, 'XII MT 1'),
(40, 'XII MT 2'),
(41, 'XII RPL 1'),
(42, 'XII RPL 2'),
(43, 'XII TKJ 1'),
(44, 'XII TKJ 2'),
(45, 'XII APAT 1'),
(46, 'XII APAT 2'),
(47, 'XII APAT 3'),
(48, 'XII BDP 1'),
(49, 'XII BDP 2'),
(50, 'XII OTKP 1'),
(51, 'XII OTKP 2'),
(52, 'XII OTKP 3'),
(53, 'XII AKKL 1'),
(54, 'XII AKKL 2'),
(55, 'XII AKKL 3'),
(56, 'XII TB 1'),
(57, 'XII TB 2');

-- --------------------------------------------------------

--
-- Table structure for table `pemilihan`
--

CREATE TABLE `pemilihan` (
  `id_calon` int(10) NOT NULL,
  `waktu_pemilihan` timestamp NOT NULL DEFAULT CURRENT_TIMESTAMP ON UPDATE CURRENT_TIMESTAMP
) ENGINE=InnoDB DEFAULT CHARSET=latin1;

-- --------------------------------------------------------

--
-- Table structure for table `penilaian`
--

CREATE TABLE `penilaian` (
  `id_calon` int(10) NOT NULL,
  `id_user` int(10) NOT NULL,
  `penilaian` double NOT NULL DEFAULT '0'
) ENGINE=InnoDB DEFAULT CHARSET=latin1;

-- --------------------------------------------------------

--
-- Table structure for table `user`
--

CREATE TABLE `user` (
  `id_user` int(6) NOT NULL,
  `nama` varchar(50) NOT NULL,
  `id_kelas` int(10) NOT NULL,
  `jk` int(1) NOT NULL,
  `token` varchar(5) NOT NULL,
  `jenis_user` enum('GURU','SISWA') NOT NULL,
  `status_pemilihan` int(1) NOT NULL DEFAULT '0'
) ENGINE=InnoDB DEFAULT CHARSET=latin1;

--
-- Dumping data for table `user`
--

INSERT INTO `user` (`id_user`, `nama`, `id_kelas`, `jk`, `token`, `jenis_user`, `status_pemilihan`) VALUES
(11111, 'Drs. SUWANTO, M.Pd.', 0, 1, 'MLLG', 'GURU', 0),
(11112, 'Drs. AFID PURNOMO', 0, 1, 'EKIQ', 'GURU', 0),
(11113, 'SRI WIHARTIYAH, S.Pd.', 0, 0, 'QPDX', 'GURU', 0),
(11114, 'SASMINTO, S.Pd., M.M.', 0, 1, 'ZCFB', 'GURU', 0),
(11115, 'Dra. ENDAH BUDIYANTI', 0, 0, 'ZEEY', 'GURU', 0),
(11116, 'Dra. SRI DARLINA', 0, 0, 'LUQG', 'GURU', 0),
(11117, 'ALLAN ABRAHAM, S.Pd., M.Pd.', 0, 1, 'ZRVR', 'GURU', 0),
(11118, 'Dra. MARIYAH', 0, 0, 'QHQW', 'GURU', 0),
(11119, 'SUHARDI , S.Pd.', 0, 1, 'WGXC', 'GURU', 0),
(11120, 'MARYANTO, S.Kom.', 0, 1, 'DWBR', 'GURU', 0),
(11121, 'Drs. AHMAD SAKDUN', 0, 1, 'FJEX', 'GURU', 0),
(11122, 'FARIKHA, S.Pd.', 0, 0, 'BGDA', 'GURU', 0),
(11123, 'MUMFARID, M.Pd.I', 0, 1, 'VURF', 'GURU', 0),
(11124, 'HARTININGSIH, S.Pd.', 0, 0, 'RLNT', 'GURU', 0),
(11125, 'DINI KUN ZURAIDA, S.Pd.Si.', 0, 0, 'MLHJ', 'GURU', 0),
(11126, 'HERMAWAN DEWANTO, S.Pd., M.Si.', 0, 1, 'WELW', 'GURU', 0),
(11127, 'KHOLILAH SURYANI, S.Pd., M.M.', 0, 0, 'TXGE', 'GURU', 0),
(11128, 'TUTI YULIAWATI, S.Pd.', 0, 0, 'JGFK', 'GURU', 0),
(11129, 'ENI SUKIYATI, S.Pi.', 0, 0, 'YKIQ', 'GURU', 0),
(11130, 'ETI LISPRIHATI, S.Pd., M.M.', 0, 0, 'RNSB', 'GURU', 0),
(11131, 'SEPTI NURKHAYATI, S.Pd.', 0, 0, 'ACED', 'GURU', 0),
(11132, 'SAMSUL SUFIYANTO, S.Pd.', 0, 1, 'GNKV', 'GURU', 0),
(11133, 'ERI KUSUMAWATI, S.Psi.', 0, 0, 'EOMH', 'GURU', 0),
(11134, 'IDA FADRI,  S.Pd., M.Pd.', 0, 1, 'LOOM', 'GURU', 0),
(11135, 'NOVIAN WAHYU SETIABUDI, S.Pd.', 0, 1, 'CMDK', 'GURU', 0),
(11136, 'UMI BAROROH, S.E., M.M.', 0, 0, 'KOSA', 'GURU', 0),
(11137, 'FAUZAN AKHMAD MAHANANI, M.Pd.', 0, 1, 'XIYT', 'GURU', 0),
(11138, 'HERI JOKO PARYONO, S.Pd.', 0, 1, 'HXNB', 'GURU', 0),
(11139, 'FITI MARIANI, S.S.', 0, 0, 'SVJA', 'GURU', 0),
(11140, 'DENI FARID FATULLOH, S.Pd.', 0, 1, 'HGUM', 'GURU', 0),
(11141, 'AISYAH SUBEKTI, S.Pd.', 0, 0, 'UOLX', 'GURU', 0),
(11142, 'ISTIQOMAH, S.Pd.', 0, 0, 'PCMC', 'GURU', 0),
(11143, 'SITI MUSRIJAH ALBANIYAH, S.Pd.', 0, 0, 'LZWV', 'GURU', 0),
(11144, 'LELI WALIDAH, S.Pd., M.Si.', 0, 0, 'VNQH', 'GURU', 0),
(11145, 'EFENDI SUTOYO, S.Pd.', 0, 1, 'ROHQ', 'GURU', 0),
(11146, 'DWI SEPTININGSIH, S.Sos.', 0, 0, 'LSVQ', 'GURU', 0),
(11147, 'MUNAWAROH, S.Pd.', 0, 0, 'TKVS', 'GURU', 0),
(11148, 'ENDAR WINARSIH, S.Pd.', 0, 0, 'FWCI', 'GURU', 0),
(11149, 'FATONAH, S.Pd.', 0, 0, 'BWJT', 'GURU', 0),
(11150, 'ETI ROSIDAH, S.Ag.', 0, 0, 'WJXV', 'GURU', 0),
(11151, 'YUSRIFAH, S.Pd.', 0, 0, 'RUWM', 'GURU', 0),
(11152, 'JULIANTO, S.T.', 0, 1, 'DZVX', 'GURU', 0),
(11153, 'STEPANUS HARINTO, S.Pd.', 0, 1, 'ZFVX', 'GURU', 0),
(11154, 'SAGITAVIA DAMAYANTI, S.E.', 0, 0, 'VCFV', 'GURU', 0),
(11155, 'HEVI SETIYANINGSIH, S.Pd.', 0, 0, 'GYNP', 'GURU', 0),
(11156, 'HASTIN PARLINA, S.Pd.', 0, 0, 'RUEK', 'GURU', 0),
(11157, 'ERLIN WAKHYUNI, S.Pd.', 0, 0, 'LBEB', 'GURU', 0),
(11158, 'EKO MULYATI, S.Pd.', 0, 0, 'DBJC', 'GURU', 0),
(11159, 'KHALIDZ AKBAR PRIHANDONO, S.Kom.', 0, 1, 'SODO', 'GURU', 0),
(11160, 'YAYUK KARTIKAWATI, S.Kom.', 0, 0, 'OGPN', 'GURU', 0),
(11161, 'USWATUN KHASANAH, S.Pd.', 0, 0, 'IJQB', 'GURU', 0),
(11162, 'KHANIFIYAH, S.Pd.', 0, 0, 'WVYD', 'GURU', 0),
(11163, 'ISTINA PUJIYANTI, S.Kom.', 0, 0, 'ZBPE', 'GURU', 0),
(11164, 'HENTYARSO SADENARE, S.Si.', 0, 1, 'SEWD', 'GURU', 0),
(11165, 'ERI RIASTRI, S.Pd.', 0, 0, 'MZCX', 'GURU', 0),
(11166, 'PURNA ADI HERNOWO, S.Pd.', 0, 1, 'NCPL', 'GURU', 0),
(11167, 'ENDAH PURWANTI, S.Si.', 0, 0, 'RVAP', 'GURU', 0),
(11168, 'SITI MARFUNGAH, S.Kom.', 0, 0, 'POPK', 'GURU', 0),
(11169, 'PUJI LESTARI, S.Pd.', 0, 0, 'MXCP', 'GURU', 0),
(11170, 'TRI MULYANINGSIH, S.Pd.', 0, 0, 'DSIK', 'GURU', 0),
(11171, 'UMI AMBARWATI, S.Pd.', 0, 0, 'NJWZ', 'GURU', 0),
(11172, 'NINIEK MARGIANTI, S.E.', 0, 0, 'YSMV', 'GURU', 0),
(11173, 'ADE HENY SETIANI, S.Pd.', 0, 0, 'CWZD', 'GURU', 0),
(11174, 'TITI SUGIARTI, S.E.', 0, 0, 'HEOG', 'GURU', 0),
(11175, 'DESY ANJARYANI, S.Pi.', 0, 0, 'XHGN', 'GURU', 0),
(11176, 'SEPTI FARKHATI, S.Pd.', 0, 0, 'DZIO', 'GURU', 0),
(11177, 'ISMI NOVIANTI, S.Pd.', 0, 0, 'SPPB', 'GURU', 0),
(11178, 'SLAMET RIADI, S.Pd.', 0, 1, 'GRFP', 'GURU', 0),
(11179, 'TRI CAHYANA, S.Kom.', 0, 1, 'TPEK', 'GURU', 0),
(11180, 'IRAWAN SETIYADI, S.Pd.', 0, 1, 'WQRT', 'GURU', 0),
(11181, 'RATNA DEWI, S.Si.', 0, 0, 'CRLZ', 'GURU', 0),
(11182, 'ROFIKA DWI SUSANTI, S.Pd.', 0, 0, 'TVLX', 'GURU', 0),
(11183, 'VITA SETIYANINGSIH, S.Pd.', 0, 0, 'VIRJ', 'GURU', 0),
(11184, 'NURMAYA DAMASTITI, S.Pd.', 0, 0, 'BSRB', 'GURU', 0),
(11185, 'SUGINO PURNOMO, S.Sos.', 0, 1, 'NURH', 'GURU', 0),
(11186, 'NUGROHO ESTININGSIH, S.H.', 0, 0, 'BUBV', 'GURU', 0),
(11187, 'FERA INDRIYATI, S.Si., S.Pd.', 0, 0, 'QQET', 'GURU', 0),
(11188, 'KINANTHI PANGRIRIH, S.Pd.', 0, 0, 'OOVM', 'GURU', 0),
(11189, 'SUGIHARTO, S.Pd., S.Kom.', 0, 1, 'VTRB', 'GURU', 0),
(11190, 'SAHEKA MEYNINGSASI IRIANA, S.Pd.', 0, 0, 'WSPB', 'GURU', 0),
(11191, 'MOH. HANIF PRIYADI', 0, 1, 'MTWZ', 'GURU', 0),
(11192, 'JAUHARUL FADLI, S.Kel.', 0, 1, 'OAIM', 'GURU', 0),
(11193, 'FENA ROINTAN, S.Pd.I.', 0, 0, 'RXVT', 'GURU', 0),
(11194, 'MUSLIKHAH, S.Pd.', 0, 0, 'XWPW', 'GURU', 0),
(11195, 'HARTAWAN, S.Pd.', 0, 1, 'YAFL', 'GURU', 0),
(11196, 'ANDRIAN KRISTANTO, S.Pd.', 0, 1, 'LHOZ', 'GURU', 0),
(11197, 'BANGKIT WIDAYANTI, S.Pd.', 0, 0, 'RYVD', 'GURU', 0),
(11198, 'FERLI APRIANINGRUM, S.Pd.', 0, 0, 'VBKR', 'GURU', 0),
(11199, 'RIMA ARIONA NUR AWALIA, S.Pd.', 0, 0, 'IGVW', 'GURU', 0),
(11200, 'RIANFITA RIA SUTARTO, S.Pd.', 0, 0, 'QIXZ', 'GURU', 0),
(11201, 'KUKUH FAJAR DARMAWAN, S.Pd.', 0, 1, 'IGZY', 'GURU', 0),
(11202, 'MEIANA YURIKE DEWI, S.Pd.', 0, 0, 'RIQW', 'GURU', 0),
(11203, 'NURI FUJIATI, S.Pd.I.', 0, 0, 'NDFC', 'GURU', 0),
(11204, 'YULLYKE VIDYA PERMATASARI, S.Pd.', 0, 0, 'IFLN', 'GURU', 0),
(11205, 'ARIL APRIA SUSANTO, S.Kom.', 0, 1, 'HVDP', 'GURU', 0),
(11206, 'DRAJAT NAHDA RIYANI, S.Pd.', 0, 0, 'DLNO', 'GURU', 0),
(11207, 'ENDANG BUDIASTUTI, S.Pd.', 0, 0, 'CTCV', 'GURU', 0),
(11208, 'ADITIA NUSWANTARA, S.Pd.', 0, 1, 'EFFH', 'GURU', 0),
(11209, 'ANIS SUSANTI, S.Pd.', 0, 0, 'TLBR', 'GURU', 0),
(11210, 'IIS ERNAWATI, S.Pd.', 0, 0, 'KOCI', 'GURU', 0),
(11211, 'YANUAR EKO SAPUTRA, S.Pd.', 0, 1, 'SVSU', 'GURU', 0),
(11212, 'WILY FERDIANSYAH, S.Pd.', 0, 1, 'TYYR', 'GURU', 0),
(11213, 'AGNES DWI CAHYANI, S.Pd.', 0, 0, 'FSES', 'GURU', 0),
(11214, 'ARIANTO, S.Pd.', 0, 1, 'KAGE', 'GURU', 0),
(11215, 'PURWANTO WAHYU HIDAYAT, S.Pd.', 0, 1, 'DPEQ', 'GURU', 0),
(11216, 'ARIF SAIFUDIN, S.Pd.', 0, 1, 'OELM', 'GURU', 0),
(11217, 'SRI HASTUTI PUDJI RAHAYU, S.Pd', 0, 0, 'LECW', 'GURU', 0),
(11218, 'MUHAMMAD FARIZ, S.Pd.', 0, 1, 'HVPB', 'GURU', 0),
(11219, 'CAHYO EDHI WIDYATMOKO, S.T.', 0, 1, 'KHSG', 'GURU', 0),
(11220, 'EKO FREDY SUTRISNO, S.Pi.', 0, 1, 'UQVN', 'GURU', 0),
(11221, 'AZZAM ISKIYAMUDIN, S.Pd.', 0, 1, 'PJIG', 'GURU', 0),
(11222, 'YULIANI DWI ASIH, S.Kom.', 0, 0, 'TRHA', 'GURU', 0),
(11223, 'SILVIA SYAHZANA, S.Pd.', 0, 0, 'GTPA', 'GURU', 0),
(11224, 'AH. ASHARI, S.Pd.I', 0, 1, 'ZDMD', 'GURU', 0),
(11225, 'NINDITA RAHMAN, S.Kom.', 0, 1, 'ASAW', 'GURU', 0),
(11226, 'AZIL ADI PRAYITNO, S.Pd.', 0, 1, 'BNFX', 'GURU', 0),
(11227, 'ARIF YUWONO, A.Md.', 0, 1, 'FFNW', 'GURU', 0),
(11228, 'Drs. SUWANDI, M.M.', 0, 1, 'OKOP', 'GURU', 0),
(11229, 'TRI CAHYANA', 0, 1, 'LDDD', 'GURU', 0),
(11230, 'NOEROEL HOEDA', 0, 1, 'XFKN', 'GURU', 0),
(11231, 'AKHMAD WAHONO', 0, 1, 'JAMU', 'GURU', 0),
(11232, 'TURIPNO', 0, 1, 'BOES', 'GURU', 0),
(11233, 'SUHADIO', 0, 1, 'EUQR', 'GURU', 0),
(11234, 'SITI UTAMI ZURAIDA, S.E.', 0, 0, 'DJMC', 'GURU', 0),
(11235, 'RACHMANTO ADYI PURWOKO', 0, 1, 'MAAU', 'GURU', 0),
(11236, 'NARTO', 0, 1, 'OBCY', 'GURU', 0),
(11237, 'YATIMAN', 0, 1, 'COYU', 'GURU', 0),
(11238, 'ROKHIMAN (NOTO)', 0, 1, 'VFZK', 'GURU', 0),
(11239, 'ACHMAD GHOZALI AFAN RIYADI, A.Md.', 0, 1, 'GWIG', 'GURU', 0),
(11240, 'SULASNO', 0, 1, 'AUGR', 'GURU', 0),
(11241, 'DARYONO', 0, 1, 'LSQJ', 'GURU', 0),
(11242, 'SUJUDIONO', 0, 1, 'ZLBJ', 'GURU', 0),
(11243, 'WINI TRIANA RISKI, S.Hum.', 0, 0, 'IXJO', 'GURU', 0),
(11244, 'MISKAM SETIONO', 0, 1, 'ISIS', 'GURU', 0),
(11245, 'MASNGUD', 0, 1, 'OEOL', 'GURU', 0),
(11246, 'ACH. FILANTORO', 0, 1, 'NPQR', 'GURU', 0),
(11247, 'SAPRIONO', 0, 1, 'YEDM', 'GURU', 0),
(11248, 'NAJA PRAYUDA', 0, 1, 'FELZ', 'GURU', 0),
(11249, 'ALIP PUJIONO', 0, 1, 'FIIA', 'GURU', 0),
(11250, 'AJIS PRATAMA', 0, 1, 'VJLJ', 'GURU', 0),
(11251, 'FAIZHAL ARIF SANTOSA, S.I.Pust.', 0, 1, 'QZYJ', 'GURU', 0),
(11252, 'HUSAIN BAKTI GINANJAR', 0, 1, 'XLWS', 'GURU', 0),
(11253, 'LUKMAN BUDI ANDRIANTO', 0, 1, 'OEAQ', 'GURU', 0),
(14583, 'Lulu\' Syifanjani', 55, 0, 'EHET', 'SISWA', 0),
(14791, 'Adya Yanuar Jayate Arjawa Saputra', 39, 1, 'GQWA', 'SISWA', 0),
(14792, 'Ahmad Dawam', 39, 1, 'MGDK', 'SISWA', 0),
(14793, 'Ahmad Kun Banin Baghiz', 39, 1, 'QTPK', 'SISWA', 0),
(14794, 'Arif Saefudin', 39, 1, 'KOQF', 'SISWA', 0),
(14795, 'Arifin Fajar Primadhani', 39, 1, 'FEFK', 'SISWA', 0),
(14796, 'Arjuna Kusuma Dewa', 39, 1, 'GYPQ', 'SISWA', 0),
(14797, 'Awan Dewayana', 39, 1, 'LFNZ', 'SISWA', 0),
(14798, 'Aziz Yunianto', 39, 1, 'RUYF', 'SISWA', 0),
(14799, 'Bayu Latiffulloh Dwi Saputra', 39, 1, 'FURQ', 'SISWA', 0),
(14800, 'Dini Oktaliyanti', 39, 0, 'TERQ', 'SISWA', 0),
(14801, 'Dwi Purwanti', 39, 0, 'AVMY', 'SISWA', 0),
(14802, 'Elang Fathur Rahman', 39, 1, 'CVBJ', 'SISWA', 0),
(14803, 'Elank Dhiya Aly Satria Purwadi', 39, 1, 'HRKH', 'SISWA', 0),
(14804, 'Faiz Fadhlillah', 39, 1, 'DXNY', 'SISWA', 0),
(14805, 'Fandi Pradika Permana Putra', 39, 1, 'LNGR', 'SISWA', 0),
(14806, 'Frida Sofianti', 39, 0, 'NDYG', 'SISWA', 0),
(14807, 'Galih Pramudita', 39, 1, 'GYWW', 'SISWA', 0),
(14808, 'Heda Hisanis Nurcahya', 39, 0, 'SDNS', 'SISWA', 0),
(14809, 'Ikhfani Bayhaqi Bagong Putra', 39, 1, 'GTFU', 'SISWA', 0),
(14810, 'Indra Setiawan', 39, 1, 'XQWF', 'SISWA', 0),
(14811, 'Irfa Lamda Darajati', 39, 0, 'OAPJ', 'SISWA', 0),
(14812, 'Ivan Muadzin Pamungkas', 39, 1, 'NQZF', 'SISWA', 0),
(14813, 'Jeny Dwi Wurianti', 39, 0, 'ALGN', 'SISWA', 0),
(14814, 'Kinanti Rizkia Nanda Putri', 39, 0, 'KTLK', 'SISWA', 0),
(14815, 'Lina Fitriani', 39, 0, 'THYG', 'SISWA', 0),
(14816, 'Mohamad Irvan Yunianto', 39, 1, 'YMFR', 'SISWA', 0),
(14817, 'Ngafifudin Nur Hidayat', 39, 1, 'GHRM', 'SISWA', 0),
(14818, 'Nurani Siswanti', 39, 0, 'CZTH', 'SISWA', 0),
(14819, 'Okta Dwi Nurmansyah', 39, 1, 'IJIU', 'SISWA', 0),
(14820, 'Riska Nur Cahyaningsih', 39, 0, 'XKKW', 'SISWA', 0),
(14821, 'Risqi Nurfadilah', 39, 1, 'XNYU', 'SISWA', 0),
(14822, 'Rizki Agung Nugroho', 39, 1, 'IJEZ', 'SISWA', 0),
(14823, 'Safa`At Thoyib', 39, 1, 'SIZE', 'SISWA', 0),
(14824, 'Sugeng Rahayu', 39, 1, 'XDGA', 'SISWA', 0),
(14825, 'Yumna Rahmi Afanin', 39, 0, 'PLEI', 'SISWA', 0),
(14826, 'Yunus Khoiron Fanaba', 39, 1, 'ZPGH', 'SISWA', 0),
(14827, 'Agung Bhakti Prasetya', 40, 1, 'HSON', 'SISWA', 0),
(14828, 'Akhsana Elha Muhammad', 40, 1, 'ZHWE', 'SISWA', 0),
(14829, 'Amin Nurdiono', 40, 1, 'MSBZ', 'SISWA', 0),
(14830, 'Andini Oktafiani', 40, 0, 'SRIL', 'SISWA', 0),
(14831, 'Awang Affandi', 40, 1, 'NFAO', 'SISWA', 0),
(14832, 'Azi Frisca Hartono', 40, 1, 'UDZC', 'SISWA', 0),
(14833, 'Catur Wibowo Aji', 40, 1, 'BFSB', 'SISWA', 0),
(14834, 'Dani Mashud Alfian', 40, 1, 'LHJS', 'SISWA', 0),
(14835, 'Daniari Cahya Maulana', 40, 1, 'QDIF', 'SISWA', 0),
(14836, 'Dewi Mualifah', 40, 0, 'HRLY', 'SISWA', 0),
(14837, 'Dhiki Setiawan', 40, 1, 'NYYB', 'SISWA', 0),
(14838, 'Dwi Zuni Prasetyo', 40, 1, 'EXSY', 'SISWA', 0),
(14839, 'Eka Fajrianto', 40, 1, 'VWYI', 'SISWA', 0),
(14840, 'Fajriatun Sezhariyani', 40, 0, 'IMWP', 'SISWA', 0),
(14841, 'Garendra Juliawan Herman', 40, 1, 'AIPR', 'SISWA', 0),
(14842, 'Gita Lestari', 40, 0, 'SWPC', 'SISWA', 0),
(14843, 'Hilal Mulya Shidiq', 40, 1, 'PWTJ', 'SISWA', 0),
(14844, 'Ilham Restu Prayoga', 40, 1, 'HTOU', 'SISWA', 0),
(14845, 'Iva Seftiani', 40, 0, 'FYIS', 'SISWA', 0),
(14846, 'Khafda Nurhilmi Kaffah', 40, 0, 'CGRS', 'SISWA', 0),
(14847, 'Khoerun Nisa', 40, 0, 'IZXF', 'SISWA', 0),
(14848, 'Khoirul Anam', 40, 1, 'AIRT', 'SISWA', 0),
(14849, 'Kustian Ningsih', 40, 0, 'ELMD', 'SISWA', 0),
(14850, 'Lelina Wahmawati', 40, 0, 'JGJI', 'SISWA', 0),
(14851, 'Luki Larasati', 40, 0, 'OPIK', 'SISWA', 0),
(14852, 'Meike Wahyu Gemilang', 40, 1, 'AEOJ', 'SISWA', 0),
(14853, 'Muadibu Syibyan', 40, 1, 'HEOF', 'SISWA', 0),
(14854, 'Muhammad Ali Masykur', 40, 1, 'TOTK', 'SISWA', 0),
(14855, 'Muhammad Aziz Zulfikar', 40, 1, 'RXUL', 'SISWA', 0),
(14856, 'Noris Saputra', 40, 1, 'RFRD', 'SISWA', 0),
(14857, 'Putri Nofitasari', 40, 0, 'KBNO', 'SISWA', 0),
(14859, 'Rio Dwi Kuncoro', 40, 1, 'ITSQ', 'SISWA', 0),
(14860, 'Rizki Adhi Pratama', 40, 1, 'XFIZ', 'SISWA', 0),
(14861, 'Vianda Intan Cantika', 40, 0, 'ZQWK', 'SISWA', 0),
(14862, 'Yanuar Wahyu Wicaksono', 40, 1, 'OWJR', 'SISWA', 0),
(14863, 'Abdullah Faqih', 41, 1, 'DMQN', 'SISWA', 0),
(14864, 'Adelia Tri Ramadhani', 41, 0, 'ISPH', 'SISWA', 0),
(14865, 'Alfieka Maisaroh', 41, 0, 'OVAQ', 'SISWA', 0),
(14866, 'Aufa Ariq Amanulloh', 41, 1, 'CVON', 'SISWA', 0),
(14867, 'Awang Afri Nugroho', 41, 1, 'QITS', 'SISWA', 0),
(14868, 'Desi Nur Anggreani', 41, 0, 'HAVV', 'SISWA', 0),
(14869, 'Dwi Syafrilia', 41, 0, 'ITVE', 'SISWA', 0),
(14870, 'Dwiki Bayu Ardiansyah', 41, 1, 'IRHJ', 'SISWA', 0),
(14871, 'Erlita  Mardiantini', 41, 0, 'MEQC', 'SISWA', 0),
(14872, 'Felisa Dwi Utami Putri', 41, 0, 'OVKK', 'SISWA', 0),
(14873, 'Gaiska Artama Putra', 41, 1, 'UYEG', 'SISWA', 0),
(14874, 'Ghani Hindam Fadhillah Ahmad', 41, 1, 'YOCI', 'SISWA', 0),
(14876, 'Helmi Alfa Izzuddin', 41, 1, 'IWRK', 'SISWA', 0),
(14877, 'Ira Cahya Melati', 41, 0, 'RSLM', 'SISWA', 0),
(14878, 'Irfan Agil Wicaksono', 41, 1, 'RMDF', 'SISWA', 0),
(14879, 'Irkham Fatkhur Rifa\'I', 41, 1, 'WCKP', 'SISWA', 0),
(14880, 'Ismu Nurkhasanah', 41, 0, 'MTNP', 'SISWA', 0),
(14881, 'Latif Nugraha Purwa', 41, 1, 'IOTV', 'SISWA', 0),
(14882, 'M. Sabar Setiaji', 41, 1, 'BISV', 'SISWA', 0),
(14883, 'Mahardhika Arya Bimantara', 41, 1, 'DJKY', 'SISWA', 0),
(14884, 'Manda Meylafasya', 41, 0, 'YKVD', 'SISWA', 0),
(14885, 'Maulina Catur Wulandari', 41, 0, 'OYVF', 'SISWA', 0),
(14886, 'Maya Astriyani', 41, 0, 'NRBG', 'SISWA', 0),
(14887, 'Meivanny Erlisa Putri', 41, 0, 'JTMX', 'SISWA', 0),
(14888, 'Muhammad Alan Setyo Adi', 41, 1, 'RLPJ', 'SISWA', 0),
(14889, 'Prima Tri Lestari', 41, 0, 'GUYV', 'SISWA', 0),
(14890, 'Ratna Kusumaningtias', 41, 0, 'ADRG', 'SISWA', 0),
(14891, 'Sahid Anwar', 41, 1, 'LMME', 'SISWA', 0),
(14892, 'Sita Nurhasanah', 41, 0, 'TBNA', 'SISWA', 0),
(14893, 'Syaifulloh Abdul Mutakin', 41, 1, 'FSBF', 'SISWA', 0),
(14894, 'Ulyan Hanafi', 41, 1, 'ESXH', 'SISWA', 0),
(14895, 'Uswatun Triana', 41, 0, 'MHMG', 'SISWA', 0),
(14896, 'Wasi Aspirawan', 41, 1, 'ZJAO', 'SISWA', 0),
(14897, 'Wicaksono Juni Irawan', 41, 1, 'NKOR', 'SISWA', 0),
(14898, 'Yogi Epriano', 41, 1, 'RVSE', 'SISWA', 0),
(14899, 'Aagien Muhammad Farhan Pramadhani', 42, 1, 'YAID', 'SISWA', 0),
(14900, 'Agil Dwi Febrianto', 42, 1, 'CUHR', 'SISWA', 0),
(14901, 'Akbar Ramadhani', 42, 1, 'OQSQ', 'SISWA', 0),
(14902, 'Ardhia Rahmahayati', 42, 0, 'AQYD', 'SISWA', 0),
(14903, 'Deni Juli Setiawan', 42, 1, 'ZFNI', 'SISWA', 0),
(14904, 'Dewi Sinta', 42, 0, 'VYXU', 'SISWA', 0),
(14905, 'Dieska Syawala Nur Rizqia', 42, 1, 'EVOK', 'SISWA', 0),
(14906, 'Frensae Rizky Ariessanda', 42, 0, 'VAQW', 'SISWA', 0),
(14907, 'Gita Tri Wahyuni', 42, 0, 'MNOG', 'SISWA', 0),
(14908, 'Hamzah Tokhifur Falakhudin', 42, 1, 'DWWO', 'SISWA', 0),
(14909, 'Hermawan Genta Arraihaan', 42, 1, 'NYJJ', 'SISWA', 0),
(14910, 'Ika Siti Watiroh', 42, 0, 'GQPB', 'SISWA', 0),
(14911, 'Ira Rahmawati', 42, 0, 'JWCY', 'SISWA', 0),
(14912, 'Karisma Tantri', 42, 0, 'AHYX', 'SISWA', 0),
(14913, 'Khusnaini', 42, 0, 'EJJB', 'SISWA', 0),
(14914, 'Muhammad Diky Firmansyah', 42, 1, 'TKNA', 'SISWA', 0),
(14915, 'Muhammad Saiful Abdulah', 42, 1, 'TKKW', 'SISWA', 0),
(14916, 'Muhammad Zidane Galih Tegar', 42, 1, 'DLOO', 'SISWA', 0),
(14917, 'Nabila Pramadani', 42, 0, 'XJDL', 'SISWA', 0),
(14918, 'Rafi Maulana Akhmad', 42, 1, 'MOTK', 'SISWA', 0),
(14919, 'Rani Rahma Fika', 42, 0, 'NOGA', 'SISWA', 0),
(14920, 'Risqi Ardiansyah', 42, 1, 'MKVT', 'SISWA', 0),
(14921, 'Risqi Destu Rahman', 42, 1, 'BTLQ', 'SISWA', 0),
(14922, 'Rizky Akbar Wahyu Putranto', 42, 1, 'VSZB', 'SISWA', 0),
(14923, 'Samuel Kuncoro', 42, 1, 'VMOK', 'SISWA', 0),
(14924, 'Satya Dhiaz Anggraeni', 42, 0, 'UNBA', 'SISWA', 0),
(14925, 'Silvester Erlangga Setya Pamungkas', 42, 1, 'JSDN', 'SISWA', 0),
(14926, 'Sri Sulastri', 42, 0, 'BZBV', 'SISWA', 0),
(14927, 'Tio Rahman Sofani', 42, 1, 'HBMI', 'SISWA', 0),
(14928, 'Tri Ersha Septanagria', 42, 1, 'IAPJ', 'SISWA', 0),
(14929, 'Vena Yulia Wardani', 42, 0, 'LJIW', 'SISWA', 0),
(14930, 'Wahyu Febrianto', 42, 1, 'QTZP', 'SISWA', 0),
(14931, 'Wahyu Wiji Astuti', 42, 0, 'BLUK', 'SISWA', 0),
(14932, 'Widya Dicky Pamungkas', 42, 1, 'VJQN', 'SISWA', 0),
(14933, 'Yoga Harist Fitrian', 42, 1, 'OIYZ', 'SISWA', 0),
(14934, 'Zarra Faizah Zain', 42, 0, 'WXCL', 'SISWA', 0),
(14935, 'Achmad Saifulloh', 43, 1, 'MFRV', 'SISWA', 0),
(14936, 'Ahmad Jodhi Hermawan', 43, 1, 'EVUA', 'SISWA', 0),
(14937, 'Ahmad Nur Fauzan', 43, 1, 'DMEO', 'SISWA', 0),
(14938, 'Aida Miftakhul Jannah', 43, 0, 'QEZS', 'SISWA', 0),
(14939, 'Al Bahrul Karim', 43, 1, 'AREQ', 'SISWA', 0),
(14940, 'Ana Triyani', 43, 0, 'PHSY', 'SISWA', 0),
(14941, 'Andrian Febry Kurniawan', 43, 1, 'GNXX', 'SISWA', 0),
(14942, 'Bagus Putra Oktafiyanto', 43, 1, 'YBGU', 'SISWA', 0),
(14943, 'Candra Riyanto', 43, 1, 'AHIJ', 'SISWA', 0),
(14944, 'Desti Nur Fitriana', 43, 0, 'JESY', 'SISWA', 0),
(14945, 'Dito Pangestu', 43, 1, 'YTBP', 'SISWA', 0),
(14946, 'Faizal Fahmi', 43, 1, 'AVDQ', 'SISWA', 0),
(14947, 'Fajar Ramadhan', 43, 1, 'OOQM', 'SISWA', 0),
(14948, 'Heri Fajar Hidayat', 43, 1, 'BNAR', 'SISWA', 0),
(14949, 'Karina Diva Andienna', 43, 0, 'TAQO', 'SISWA', 0),
(14950, 'Muhamad Rayhan', 43, 1, 'LROJ', 'SISWA', 0),
(14951, 'Muhammad  Khoirun Niezam', 43, 1, 'GFND', 'SISWA', 0),
(14952, 'Muhammad Alwi Hidayat', 43, 1, 'XTZW', 'SISWA', 0),
(14953, 'Nur Widiati', 43, 0, 'VAZX', 'SISWA', 0),
(14954, 'Oktaviona', 43, 0, 'YIKL', 'SISWA', 0),
(14955, 'Priska Avril Ramadhani', 43, 0, 'HNDN', 'SISWA', 0),
(14956, 'Regitania Izzati Arlintang', 43, 0, 'LNYZ', 'SISWA', 0),
(14957, 'Restu Ashif Rodhialfallah', 43, 1, 'DZAX', 'SISWA', 0),
(14958, 'Rifky Ferdiansyah', 43, 1, 'IKGU', 'SISWA', 0),
(14959, 'Rini Riana', 43, 0, 'PANO', 'SISWA', 0),
(14960, 'Roman Edwardo Hutagalung', 43, 1, 'HWIT', 'SISWA', 0),
(14961, 'Satria Budi Restu Primade', 43, 1, 'IGMO', 'SISWA', 0),
(14962, 'Selvi Dhamayanti', 43, 0, 'MWDE', 'SISWA', 0),
(14963, 'Sita Nandya Rita', 43, 0, 'QFTV', 'SISWA', 0),
(14964, 'Usman Izzul Islam', 43, 1, 'MIPI', 'SISWA', 0),
(14965, 'Uti Urip Winarni', 43, 0, 'IAZD', 'SISWA', 0),
(14966, 'Wila Alfian Rasyid Reda', 43, 1, 'CPFC', 'SISWA', 0),
(14967, 'Wisnu Putra Kurniawan', 43, 1, 'LWYI', 'SISWA', 0),
(14968, 'Yeni Rahmawati', 43, 0, 'XZEF', 'SISWA', 0),
(14969, 'Yurio Dwi El Saputra', 43, 1, 'UHFZ', 'SISWA', 0),
(14970, 'Zeni Wiwit Damayanti', 43, 0, 'IYUJ', 'SISWA', 0),
(14971, 'Adyt Hermawan', 44, 1, 'QMIO', 'SISWA', 0),
(14972, 'Afga Safria Maulana', 44, 1, 'ALAA', 'SISWA', 0),
(14973, 'Afif Indra Wibowo', 44, 1, 'RKPA', 'SISWA', 0),
(14974, 'Ahmad Khoirul Ikhwan', 44, 1, 'INIM', 'SISWA', 0),
(14975, 'Alfareza Lovena Fambella', 44, 0, 'EJDW', 'SISWA', 0),
(14976, 'Ali Usman Muzakki', 44, 1, 'XACG', 'SISWA', 0),
(14977, 'Alvin Dwi Oktiyan', 44, 1, 'MJXM', 'SISWA', 0),
(14978, 'Amelina Sepriliani', 44, 0, 'HMTM', 'SISWA', 0),
(14979, 'Anis Wijayatun', 44, 0, 'ZWKP', 'SISWA', 0),
(14980, 'Arif Anto', 44, 1, 'TLWD', 'SISWA', 0),
(14981, 'Cicilia Tan', 44, 0, 'JDMJ', 'SISWA', 0),
(14982, 'Danistian Reza Prasetyo', 25, 1, 'OYVR', 'SISWA', 0),
(14983, 'Dhyva Restalia', 44, 0, 'UPSR', 'SISWA', 0),
(14984, 'Dimas Rian Hastedi', 44, 1, 'ODBG', 'SISWA', 0),
(14985, 'Dini Priliasari', 44, 0, 'QVEB', 'SISWA', 0),
(14986, 'Fahnida Nur Nadiva', 44, 0, 'IVIL', 'SISWA', 0),
(14987, 'Faizal Aditiya Azaqi', 44, 1, 'NEKQ', 'SISWA', 0),
(14988, 'Faqih Mahdy Khairulloh', 44, 1, 'GODF', 'SISWA', 0),
(14989, 'Galieh Setiawan', 44, 1, 'ATNG', 'SISWA', 0),
(14990, 'Gilang Nur Ikhsan', 44, 1, 'ZLLJ', 'SISWA', 0),
(14991, 'Gita Meirika', 44, 0, 'WWOF', 'SISWA', 0),
(14992, 'Isnaena Rachmawati', 44, 0, 'OSVZ', 'SISWA', 0),
(14993, 'Moh Sidnan Azizi', 44, 1, 'YEHX', 'SISWA', 0),
(14994, 'Nanda Novita Putri', 44, 0, 'MKAG', 'SISWA', 0),
(14995, 'Radite Putra Bagaskara', 44, 1, 'OHCP', 'SISWA', 0),
(14996, 'Rahmat Hidayat', 44, 1, 'TQNW', 'SISWA', 0),
(14997, 'Rezal Ferdiyanto', 44, 1, 'CQDU', 'SISWA', 0),
(14998, 'Rickki Febriyanto', 44, 1, 'ILIM', 'SISWA', 0),
(14999, 'Rizal Muhimin', 44, 1, 'LUQT', 'SISWA', 0),
(15000, 'Siti Khoriah', 44, 0, 'KXKZ', 'SISWA', 0),
(15001, 'Sugeng Wahono', 44, 1, 'ZMUI', 'SISWA', 0),
(15002, 'Wahyu Septianingsih', 44, 0, 'KCZT', 'SISWA', 0),
(15003, 'Wisnu Abdi Mulyono', 44, 1, 'BGQX', 'SISWA', 0),
(15004, 'Yoga Pratama', 44, 1, 'XVZU', 'SISWA', 0),
(15005, 'Aditya Naufal Anwar', 45, 1, 'OKMD', 'SISWA', 0),
(15006, 'Al Rafi Enggar Boamona Bot', 45, 1, 'LMGB', 'SISWA', 0),
(15007, 'Ani Maryani Dwi Saputri', 45, 0, 'DGJK', 'SISWA', 0),
(15008, 'Anis Niti Riliawan', 45, 0, 'CMLR', 'SISWA', 0),
(15010, 'Aulia Syafira', 45, 0, 'WSEE', 'SISWA', 0),
(15011, 'Azizah Nurhidayati', 45, 0, 'FDFY', 'SISWA', 0),
(15012, 'Deni Setiawan', 45, 1, 'SQNS', 'SISWA', 0),
(15013, 'Denif Valendi', 45, 1, 'LKQZ', 'SISWA', 0),
(15014, 'Dian Safitri', 45, 0, 'GMOB', 'SISWA', 0),
(15015, 'Gagas Amalludin', 45, 1, 'EQHC', 'SISWA', 0),
(15016, 'Galih Masayu Winata', 45, 1, 'PLZV', 'SISWA', 0),
(15017, 'Khalifah Ghany Putri Aji', 45, 0, 'STDT', 'SISWA', 0),
(15018, 'Kharis Firdaus Ardiansah', 45, 1, 'MCRD', 'SISWA', 0),
(15019, 'Kukuh Budi Santosa', 45, 1, 'NPQH', 'SISWA', 0),
(15020, 'Laviola Fiorentina', 45, 0, 'CYFK', 'SISWA', 0),
(15021, 'Muhammad Hasyim', 45, 1, 'XZXA', 'SISWA', 0),
(15023, 'Neni Putri Rahayu', 45, 0, 'AMGX', 'SISWA', 0),
(15024, 'Puspa Pangestika', 45, 0, 'GXBB', 'SISWA', 0),
(15025, 'Puteri Adila', 45, 0, 'IYCS', 'SISWA', 0),
(15026, 'Putri Fadila', 45, 0, 'DCOM', 'SISWA', 0),
(15027, 'Raditya Bagas Setiawan', 45, 1, 'ZBXK', 'SISWA', 0),
(15028, 'Revangga Alviano Ardian Pratama Putra', 45, 1, 'SONK', 'SISWA', 0),
(15029, 'Riska Ananda Pramesti', 45, 0, 'AQLI', 'SISWA', 0),
(15030, 'Septania Hilda Putri Utami', 45, 0, 'KFLC', 'SISWA', 0),
(15031, 'Sidik Aryo Nursandi', 45, 1, 'YEWM', 'SISWA', 0),
(15032, 'Siti Nurhariza', 45, 0, 'SDCD', 'SISWA', 0),
(15033, 'Vela Oktavia', 45, 0, 'TXHR', 'SISWA', 0),
(15034, 'Vera Septiana Ageta', 45, 0, 'KFFX', 'SISWA', 0),
(15035, 'Wahida Septi Rahayu', 45, 0, 'YXKS', 'SISWA', 0),
(15036, 'Wanda Anugrah Putra Permana', 45, 1, 'DNKP', 'SISWA', 0),
(15037, 'Yoan Febi Dharmawan', 45, 1, 'PJDS', 'SISWA', 0),
(15038, 'Yuda Febriansah', 45, 1, 'QKVK', 'SISWA', 0),
(15039, 'Ahmad Abdullah Hykmatiar', 46, 1, 'WBMI', 'SISWA', 0),
(15040, 'Akhmad Nur Sahlan', 46, 1, 'FMSZ', 'SISWA', 0),
(15041, 'Anisah', 46, 0, 'PYTW', 'SISWA', 0),
(15043, 'Ari Setiawan', 46, 1, 'PFVE', 'SISWA', 0),
(15044, 'Daliana', 46, 0, 'UCOU', 'SISWA', 0),
(15045, 'Desna Fitri Yani', 46, 0, 'KNVA', 'SISWA', 0),
(15046, 'Deva Try Arlyn Maulana', 46, 1, 'ALCX', 'SISWA', 0),
(15047, 'Dina Rosita Dwi Saksiwi', 46, 0, 'BZEL', 'SISWA', 0),
(15048, 'Dwi Rahayu', 46, 0, 'PYCY', 'SISWA', 0),
(15049, 'Fiqri Nur Ardiansah', 46, 1, 'XWTQ', 'SISWA', 0),
(15050, 'Gading Prasasti', 46, 0, 'JHBF', 'SISWA', 0),
(15051, 'Herlina Arfiana', 46, 0, 'JBWM', 'SISWA', 0),
(15052, 'Ifan Nurul Prastya', 46, 1, 'MDLQ', 'SISWA', 0),
(15053, 'Isnaeni Rachmawati', 46, 0, 'IHOV', 'SISWA', 0),
(15054, 'Kukuh Darmawan', 46, 1, 'ACPV', 'SISWA', 0),
(15055, 'Lasatun Febrianti', 46, 0, 'QSFE', 'SISWA', 0),
(15056, 'Leni Candra Wati', 46, 0, 'BXOZ', 'SISWA', 0),
(15057, 'Letisia Salwa Aprilia Putri', 46, 0, 'CLHU', 'SISWA', 0),
(15058, 'Lu\'Lu\' Hilmi Nabila', 46, 1, 'ADUJ', 'SISWA', 0),
(15059, 'M. Afif Ibrahim', 46, 1, 'NAME', 'SISWA', 0),
(15060, 'Mayang Sari', 46, 0, 'JQGY', 'SISWA', 0),
(15062, 'Nur Soimmah', 46, 0, 'OUDH', 'SISWA', 0),
(15063, 'Pramudya Tegar Sanjaya', 46, 1, 'JTLC', 'SISWA', 0),
(15064, 'Prima Dika Imansyah', 46, 1, 'KFAX', 'SISWA', 0),
(15065, 'Rini Nur Alfika', 46, 0, 'BRUO', 'SISWA', 0),
(15066, 'Sefiya Budiarti', 46, 0, 'WNFQ', 'SISWA', 0),
(15067, 'Shazan Asif Safuan', 46, 1, 'KEOU', 'SISWA', 0),
(15068, 'Sifwia Elfaunika', 46, 0, 'CWET', 'SISWA', 0),
(15069, 'Silvia Catur Septiana', 46, 0, 'XOEF', 'SISWA', 0),
(15070, 'Ubaedillah Alfayed', 46, 1, 'YVJQ', 'SISWA', 0),
(15072, 'Ade Fikri Andani', 47, 1, 'SKJW', 'SISWA', 0),
(15073, 'Adi Irawan', 47, 1, 'JMPS', 'SISWA', 0),
(15074, 'Adinda Devarani Meina Putri', 47, 0, 'HTCC', 'SISWA', 0),
(15075, 'Aji Wilyanto', 47, 1, 'HAAG', 'SISWA', 0),
(15076, 'Arfan Kurnia Setiadi', 47, 1, 'AEYM', 'SISWA', 0),
(15077, 'Bilkis Elisa Maya Nur Noviyani', 47, 0, 'EPFZ', 'SISWA', 0),
(15078, 'Bintari Attiya Wardani', 47, 0, 'HZRB', 'SISWA', 0),
(15079, 'Eka Catur Ferdianto', 47, 1, 'AKKP', 'SISWA', 0),
(15080, 'Eka Silviana Agustin', 47, 0, 'QRHR', 'SISWA', 0),
(15081, 'Ellis Triyani', 47, 0, 'CXOY', 'SISWA', 0),
(15082, 'Fidho Makhfuloh', 47, 1, 'JMOJ', 'SISWA', 0),
(15083, 'Fina Anggriyani', 47, 0, 'TLJM', 'SISWA', 0),
(15084, 'Gilang Maulana', 47, 1, 'GLSW', 'SISWA', 0),
(15085, 'Gilang Sampurna Elsa', 47, 1, 'TPLY', 'SISWA', 0),
(15086, 'Ihgfir Li Hajar Fazira', 47, 0, 'JLCN', 'SISWA', 0),
(15087, 'Indah Tri Ratna Sari', 47, 0, 'JGMM', 'SISWA', 0),
(15088, 'Mokhamad Al Muttaqin', 47, 1, 'LVGQ', 'SISWA', 0),
(15089, 'Muslihun', 47, 1, 'WTOE', 'SISWA', 0),
(15090, 'Naorma Asmara', 47, 0, 'OWRH', 'SISWA', 0),
(15091, 'Putra Wiguna', 47, 1, 'MDIS', 'SISWA', 0),
(15092, 'Putri Sekar Wulandari', 47, 0, 'SHXE', 'SISWA', 0),
(15093, 'Qowiy Akbar', 47, 1, 'PREL', 'SISWA', 0),
(15094, 'Reza Perdana Fauzi', 47, 1, 'BAGU', 'SISWA', 0),
(15095, 'Reike Ajena Larasati', 47, 0, 'IFKX', 'SISWA', 0),
(15096, 'Risca Dian Nurwahyuni', 47, 0, 'VXAH', 'SISWA', 0),
(15097, 'Rizka Nurhalimah', 47, 0, 'EOYR', 'SISWA', 0),
(15098, 'Rizki Hernanda', 47, 1, 'BXGB', 'SISWA', 0),
(15099, 'Rosalina Septian Ningrum', 47, 0, 'OZHC', 'SISWA', 0),
(15100, 'Wahyu Sukmawardhani', 47, 0, 'NGAD', 'SISWA', 0),
(15101, 'Yanuar Wisnu Aji', 47, 1, 'LZEU', 'SISWA', 0),
(15102, 'Yuli Widianingsih', 47, 0, 'URLS', 'SISWA', 0),
(15103, 'Yunas Arta Dewi', 47, 0, 'IVVG', 'SISWA', 0),
(15104, 'Zaenal Habidin', 47, 1, 'STSL', 'SISWA', 0),
(15105, 'Afifah Fili Ma\'Arif', 49, 0, 'ISHF', 'SISWA', 0),
(15106, 'Astika Rudianti', 49, 0, 'RNLQ', 'SISWA', 0),
(15107, 'Cholid Firmansyah', 48, 1, 'YNFA', 'SISWA', 0),
(15108, 'Desti Setiyaningtias', 49, 0, 'NKNZ', 'SISWA', 0),
(15109, 'Destya Pawestri', 49, 0, 'YCOK', 'SISWA', 0),
(15110, 'Diah Puji Rahayu', 49, 0, 'OLAP', 'SISWA', 0),
(15111, 'Dwi Prasetya Udiati', 49, 0, 'PZAB', 'SISWA', 0),
(15112, 'Egga Nur Setiawan', 48, 1, 'ZIJL', 'SISWA', 0),
(15113, 'Farida Juwita Ramadani', 49, 0, 'DZZC', 'SISWA', 0),
(15114, 'Fatimah Yuni Trisnowati', 48, 0, 'DUNJ', 'SISWA', 0),
(15115, 'Ferdina Andriyani', 49, 0, 'UGKC', 'SISWA', 0),
(15116, 'Ida Safina', 48, 0, 'QBED', 'SISWA', 0),
(15117, 'Latifatunisa', 48, 0, 'DWIJ', 'SISWA', 0),
(15118, 'Liling Adeantari', 49, 0, 'THJR', 'SISWA', 0),
(15119, 'Lina Kristianti', 48, 0, 'ESAF', 'SISWA', 0),
(15120, 'Linda Dwi Wardani', 48, 0, 'MJYK', 'SISWA', 0),
(15121, 'Melinda Setiyaningrum', 49, 0, 'YOOC', 'SISWA', 0),
(15122, 'Mesti Hanifah', 49, 0, 'EOON', 'SISWA', 0),
(15123, 'Murni Dwi Lestari', 48, 0, 'QXQT', 'SISWA', 0),
(15124, 'Nova Lia Rizki', 49, 0, 'SQCC', 'SISWA', 0),
(15125, 'Novi Pitriana', 48, 0, 'TOOV', 'SISWA', 0),
(15126, 'Rafli Yuana Yen', 48, 1, 'QFXV', 'SISWA', 0),
(15127, 'Ratna Budi Setianingrum', 48, 0, 'DKEL', 'SISWA', 0),
(15128, 'Rizki Anjelita Suryaningrum', 49, 0, 'RTRH', 'SISWA', 0),
(15129, 'Rizki Rahmayanti', 49, 0, 'PMZM', 'SISWA', 0),
(15131, 'Safira Wulandari', 48, 0, 'QOVW', 'SISWA', 0),
(15132, 'Sefria Dwi Utami', 48, 0, 'NRYD', 'SISWA', 0),
(15133, 'Septiana Wulandari', 48, 0, 'HNSG', 'SISWA', 0),
(15134, 'Siti Nur Azizah', 49, 0, 'CPPR', 'SISWA', 0),
(15135, 'Vanesa Avita Sari', 49, 0, 'LNAG', 'SISWA', 0),
(15136, 'Wahyu Sri Lestari', 49, 0, 'EYWM', 'SISWA', 0),
(15137, 'Yudha Faizal Dwi Sasongko', 49, 1, 'AYCF', 'SISWA', 0),
(15138, 'Yur Salina Rahma Indriani', 48, 0, 'HDKY', 'SISWA', 0),
(15139, 'Alfiatus Siffa', 48, 0, 'LRBD', 'SISWA', 0),
(15140, 'Alya Yulfan Rosyidah', 49, 0, 'AYGM', 'SISWA', 0),
(15142, 'Anisa Tika Anggraeni', 48, 0, 'URKJ', 'SISWA', 0),
(15143, 'Aufi Kania Ayuni', 49, 0, 'YYEA', 'SISWA', 0),
(15144, 'Ayesa Siti Faijah', 48, 0, 'UJQC', 'SISWA', 0),
(15145, 'Citra Budaya Wicaksana', 48, 0, 'RTQK', 'SISWA', 0),
(15146, 'Dian Sastri Dewi', 49, 0, 'HPDQ', 'SISWA', 0),
(15147, 'Dwi Ida Pangesti', 49, 0, 'XGJL', 'SISWA', 0),
(15148, 'Dwi Triharyanti', 49, 0, 'GMIQ', 'SISWA', 0),
(15149, 'Ella Shafira', 49, 0, 'SINP', 'SISWA', 0),
(15150, 'Etika Setianingrum', 49, 0, 'ELGN', 'SISWA', 0),
(15151, 'Feronika Salsabila', 48, 0, 'CUQC', 'SISWA', 0),
(15152, 'Fira Septi Nurfaijah', 49, 0, 'OCBU', 'SISWA', 0),
(15153, 'Gita Katria Yulinda', 48, 0, 'NRAA', 'SISWA', 0),
(15154, 'Indah Larasati', 49, 0, 'CJWW', 'SISWA', 0),
(15155, 'Intan Lestari', 49, 0, 'AXVM', 'SISWA', 0),
(15156, 'Irfan Fadly Raflian Syah', 48, 1, 'QYWJ', 'SISWA', 0),
(15157, 'Kuntari Hanggini Sutanto', 49, 0, 'BHGA', 'SISWA', 0),
(15158, 'Laudi Melza Putri', 48, 0, 'VTVB', 'SISWA', 0),
(15159, 'Lingga Asri Ramadhani', 49, 0, 'FNEH', 'SISWA', 0),
(15160, 'Nauval Ferdiansyah', 48, 1, 'PTAH', 'SISWA', 0),
(15161, 'Nur Irawati', 48, 0, 'FBZB', 'SISWA', 0),
(15162, 'Nurul Isnaini Fadilah', 48, 0, 'AQNN', 'SISWA', 0),
(15163, 'Rafiq Bayu Wicaksono', 49, 1, 'IFJZ', 'SISWA', 0),
(15164, 'Rini Alfatimah', 48, 0, 'CBWM', 'SISWA', 0),
(15165, 'Sagita Dwi Umaroh', 49, 0, 'YSRC', 'SISWA', 0),
(15166, 'Sifana Talitha Titah Madani', 48, 0, 'TWAU', 'SISWA', 0),
(15167, 'Sinta Dewi', 48, 0, 'HSCW', 'SISWA', 0),
(15168, 'Siti Maryam', 49, 0, 'PKNW', 'SISWA', 0),
(15169, 'Siti Suryani', 48, 0, 'PPGP', 'SISWA', 0),
(15170, 'Sunthi Naliasih', 49, 0, 'GQFZ', 'SISWA', 0),
(15171, 'Vivin Nurdiana', 48, 0, 'IVRS', 'SISWA', 0),
(15172, 'Wisnu Saputra', 48, 1, 'MTWA', 'SISWA', 0),
(15173, 'Afgiani Purwaningtias', 50, 0, 'WQIM', 'SISWA', 0),
(15174, 'Ahmadun', 50, 1, 'QCOM', 'SISWA', 0),
(15175, 'Amalia Cahya Putri', 50, 0, 'YJWP', 'SISWA', 0),
(15176, 'Amalia Devira Vadila', 50, 0, 'EDVA', 'SISWA', 0),
(15177, 'Ana Afidatul Asna', 50, 0, 'KMVP', 'SISWA', 0),
(15178, 'Ananda Permata Andini', 50, 0, 'TGIA', 'SISWA', 0),
(15179, 'Anis Khatul Hidayah', 50, 0, 'NIAB', 'SISWA', 0),
(15180, 'Aradhiya Salma Yuda', 50, 0, 'ULZU', 'SISWA', 0),
(15181, 'Bagus Nur Afifi', 50, 1, 'AFNQ', 'SISWA', 0),
(15182, 'Cahya Widiyastuti', 50, 0, 'CROY', 'SISWA', 0),
(15183, 'Emi Nur Fatimah', 50, 0, 'XEVV', 'SISWA', 0),
(15184, 'Frisca Dias Novianti', 50, 0, 'HMJI', 'SISWA', 0),
(15185, 'Ghina Rosianda Kusuma Wardani', 50, 0, 'OELT', 'SISWA', 0),
(15186, 'Hanif Khoirulloh', 50, 1, 'IRIP', 'SISWA', 0),
(15187, 'Ika Fitriyani', 50, 0, 'FRDH', 'SISWA', 0),
(15188, 'Ilham Dwi Saputro', 50, 1, 'PXVT', 'SISWA', 0),
(15189, 'Iqbal Dani Nurhakim', 50, 1, 'EJHG', 'SISWA', 0),
(15190, 'Julfa Bela Liani', 50, 0, 'ZUWK', 'SISWA', 0),
(15191, 'Lulu Zein Damara', 50, 0, 'YILU', 'SISWA', 0),
(15192, 'Mei Rudianto', 50, 1, 'KGGF', 'SISWA', 0),
(15194, 'Muhamad Davit Triyanuar', 50, 1, 'VGPK', 'SISWA', 0),
(15195, 'Pipit Yuliana', 50, 0, 'EJZJ', 'SISWA', 0),
(15196, 'Radhika Windu Pangestu', 50, 0, 'TKNP', 'SISWA', 0),
(15197, 'Raffi Nur Firmansyah', 50, 1, 'YLFD', 'SISWA', 0),
(15198, 'Rahma Tri Rahayu', 50, 0, 'VUYF', 'SISWA', 0),
(15199, 'Risa Meylani', 50, 0, 'IRVC', 'SISWA', 0),
(15200, 'Riska Septiana', 50, 0, 'EGUR', 'SISWA', 0),
(15201, 'Risqi Nur Fitriyanti', 50, 0, 'OTQH', 'SISWA', 0),
(15202, 'Ristia Mutiara Bayuningsih', 50, 0, 'MGAL', 'SISWA', 0),
(15203, 'Rofikoh Agustina', 50, 0, 'CBRN', 'SISWA', 0),
(15204, 'Wahyu Budi Utami', 50, 0, 'JADW', 'SISWA', 0),
(15205, 'Wahyuningsih', 50, 0, 'VBXA', 'SISWA', 0),
(15206, 'Wiranti Setyaningsih', 50, 0, 'SJBF', 'SISWA', 0),
(15207, 'Yeni Nuri Eka Trianti', 50, 0, 'YVUP', 'SISWA', 0),
(15208, 'Yulita Aprilianingsih', 50, 0, 'JWVL', 'SISWA', 0),
(15209, 'Ajeng Operasiana', 51, 0, 'RYIZ', 'SISWA', 0),
(15210, 'Aldila Rosiana Wijaya', 51, 0, 'CJEB', 'SISWA', 0),
(15211, 'Amelia Rahma Hidayah', 51, 0, 'ZNXV', 'SISWA', 0),
(15212, 'Anisa Aliatul Hikmah', 51, 0, 'UKUJ', 'SISWA', 0),
(15213, 'Della Fitrianingrum', 51, 0, 'GZMR', 'SISWA', 0),
(15214, 'Dita Mey Istinganah', 51, 0, 'EAYN', 'SISWA', 0),
(15215, 'Dwi Yuliana', 51, 0, 'JUTQ', 'SISWA', 0),
(15216, 'Esti Nur Kholifah', 51, 0, 'BLWU', 'SISWA', 0),
(15217, 'Fadilla Kharisma Putri', 51, 0, 'EUUX', 'SISWA', 0),
(15218, 'Fanisa Amalia Rosyda', 51, 0, 'UHJG', 'SISWA', 0),
(15219, 'Fenti Rahma Utami', 51, 0, 'HDNE', 'SISWA', 0),
(15220, 'Hayuning Sari Utami', 51, 0, 'ZCDW', 'SISWA', 0),
(15221, 'Heni Priyanti', 51, 0, 'YTPP', 'SISWA', 0),
(15222, 'Indri Ayu Lestari', 51, 0, 'ZNEZ', 'SISWA', 0),
(15223, 'Laela Suharyanti', 51, 0, 'UGYL', 'SISWA', 0),
(15224, 'Lidia Oftiana', 51, 0, 'RXHG', 'SISWA', 0),
(15225, 'Lilis Sugiarti', 51, 0, 'WNWV', 'SISWA', 0),
(15226, 'Lina Febriani Dwi Agustina', 51, 0, 'TLXB', 'SISWA', 0),
(15227, 'Lutvi Fajriani', 51, 0, 'IFWA', 'SISWA', 0),
(15228, 'Marlita Retno Sari', 51, 0, 'HGQT', 'SISWA', 0),
(15229, 'Meilanie Nur Cahyani', 51, 0, 'YXTE', 'SISWA', 0),
(15230, 'Niati', 51, 0, 'KCVK', 'SISWA', 0),
(15231, 'Niken Rahmawati', 51, 0, 'VOXO', 'SISWA', 0),
(15232, 'Nur Fatin Hanani', 51, 0, 'NHXB', 'SISWA', 0),
(15233, 'Nur Riska Ari Wardhani', 51, 0, 'FNOB', 'SISWA', 0),
(15234, 'Nuril Lafifah Falazina', 51, 0, 'ZFCT', 'SISWA', 0),
(15235, 'Reynanda Putri Wibowo', 51, 0, 'XBTA', 'SISWA', 0),
(15236, 'Rona Siti Fadilah', 51, 0, 'UOVF', 'SISWA', 0),
(15237, 'Rostiana', 51, 0, 'MNFI', 'SISWA', 0),
(15238, 'Sevina Putri Rahayu', 51, 0, 'NEKA', 'SISWA', 0),
(15239, 'Siti Khuswatun Khasanah', 51, 0, 'VZSU', 'SISWA', 0),
(15241, 'Susi Sulisnowati', 51, 0, 'OJYR', 'SISWA', 0),
(15242, 'Tri Septiyana', 51, 0, 'SFRI', 'SISWA', 0),
(15243, 'Vanissa Adilla', 51, 0, 'CUKH', 'SISWA', 0),
(15244, 'Wina Aprilita', 51, 0, 'IENH', 'SISWA', 0),
(15245, 'Ade Irma Sandra Kusuma', 52, 0, 'YYYV', 'SISWA', 0),
(15246, 'Agustina Alvianti', 52, 0, 'PCSD', 'SISWA', 0),
(15247, 'Alfhi Puspa Adhira', 52, 0, 'JRCH', 'SISWA', 0),
(15248, 'Ana Karuniasih', 52, 0, 'FDPX', 'SISWA', 0),
(15249, 'Anggita Putri Riskiyani', 52, 0, 'AJAB', 'SISWA', 0),
(15250, 'Avivah Rahma Indriyani', 52, 0, 'LVHW', 'SISWA', 0),
(15251, 'Ayu Sukma', 52, 0, 'FRHA', 'SISWA', 0),
(15252, 'Cika Puspita Rini', 52, 0, 'QMHM', 'SISWA', 0),
(15253, 'Dhea Hermawati', 52, 0, 'KNVI', 'SISWA', 0),
(15254, 'Dhias Pramudita Kusuma Wardani', 52, 0, 'VLTF', 'SISWA', 0),
(15255, 'Diah Fatmawati Suprihatin', 52, 0, 'GYYL', 'SISWA', 0),
(15256, 'Ema Nurjanah', 52, 0, 'WUYY', 'SISWA', 0),
(15257, 'Etri Nur Widyati Ningsih', 52, 0, 'KYNQ', 'SISWA', 0),
(15258, 'Farihah Safrani', 52, 0, 'IHZC', 'SISWA', 0),
(15259, 'Frisca Aulia Prameswara', 52, 0, 'EXEZ', 'SISWA', 0),
(15260, 'Iswatun Nur Fadillah', 52, 0, 'INMU', 'SISWA', 0),
(15261, 'Latifah Sri Kurniati', 52, 0, 'FHVS', 'SISWA', 0),
(15262, 'Maudila Dwi Meidanti', 52, 0, 'AGFP', 'SISWA', 0),
(15263, 'Prabani Oktiana Putri', 52, 0, 'MQLA', 'SISWA', 0),
(15264, 'Putri Nurazizah', 52, 0, 'ORET', 'SISWA', 0),
(15265, 'Sally Carissima', 52, 0, 'GFNI', 'SISWA', 0),
(15266, 'Salwa Ihya Azzahra', 52, 0, 'CSXY', 'SISWA', 0),
(15267, 'Sara Safitri', 52, 0, 'UVUK', 'SISWA', 0),
(15268, 'Serli Esti Priyani', 52, 0, 'UJCD', 'SISWA', 0),
(15269, 'Sheylanti Oki Rimadina', 52, 0, 'OJUQ', 'SISWA', 0),
(15270, 'Suci Lestari', 52, 0, 'SBJB', 'SISWA', 0),
(15272, 'Tasya Kemala', 52, 0, 'XYSI', 'SISWA', 0),
(15273, 'Tri Raswati', 52, 0, 'AXDE', 'SISWA', 0),
(15274, 'Tri Wulandari', 52, 0, 'JHNW', 'SISWA', 0),
(15275, 'Wardiyahtun', 52, 0, 'SSDU', 'SISWA', 0),
(15276, 'Windi Wilujeng', 52, 0, 'HKOY', 'SISWA', 0),
(15277, 'Windy Arifiliana Putri', 52, 0, 'FRHE', 'SISWA', 0),
(15278, 'Yekti Prasetyaningsih', 52, 0, 'NWJO', 'SISWA', 0),
(15279, 'Adelia Gita Cahyani', 53, 0, 'OLCC', 'SISWA', 0),
(15280, 'Adinda Ecy Nissa Bunga Permata', 53, 0, 'FWLT', 'SISWA', 0),
(15281, 'Afik Singgih Bakhtiar', 53, 1, 'VFEO', 'SISWA', 0),
(15282, 'Agistina Wijayanti', 53, 0, 'PVSX', 'SISWA', 0),
(15283, 'Andara Diva Widya Ningtyas', 53, 0, 'AAUW', 'SISWA', 0),
(15284, 'Angela Nurlaeli', 53, 0, 'AGHJ', 'SISWA', 0),
(15285, 'Anisa Nursobhah', 53, 0, 'RZZD', 'SISWA', 0),
(15286, 'Aura Yudha Qoyun', 53, 0, 'DZTK', 'SISWA', 0),
(15288, 'Deva Febriani', 53, 0, 'CCTM', 'SISWA', 0),
(15289, 'Devina Tutut Yogiyanti', 53, 0, 'HKSU', 'SISWA', 0),
(15290, 'Dhurotun Nafisah', 53, 0, 'DCML', 'SISWA', 0),
(15291, 'Dita Fugif Ayunigara', 53, 0, 'PFZE', 'SISWA', 0),
(15292, 'Dwi Rahayuningsih', 53, 0, 'DURZ', 'SISWA', 0),
(15293, 'Elsa Puji Rahayu', 53, 0, 'FNER', 'SISWA', 0),
(15294, 'Ferry Setiawan', 53, 1, 'QOLD', 'SISWA', 0),
(15295, 'Galuh Dinawang Arikya', 53, 1, 'BJET', 'SISWA', 0),
(15296, 'Imroah Fadilah', 53, 0, 'AGCX', 'SISWA', 0),
(15297, 'Krisma Intan Pratiwi', 53, 0, 'ZUJC', 'SISWA', 0),
(15298, 'Lili Amalia', 53, 0, 'IWKY', 'SISWA', 0),
(15299, 'Listiana', 53, 0, 'NSDM', 'SISWA', 0),
(15300, 'Maulana Yusuf Setiawan', 53, 1, 'ABYS', 'SISWA', 0),
(15301, 'Meli Putri Oktaviana', 53, 0, 'ITNL', 'SISWA', 0),
(15302, 'Nike Wardhani', 53, 0, 'CVYB', 'SISWA', 0),
(15303, 'Nurul Azizah', 53, 0, 'AXXR', 'SISWA', 0),
(15304, 'Puji Pangestuti', 53, 0, 'ANJT', 'SISWA', 0),
(15305, 'Putri Rahmadani Barizqy', 53, 0, 'SENZ', 'SISWA', 0),
(15306, 'Saffana Zhafira Cahya', 53, 0, 'ZPLP', 'SISWA', 0),
(15307, 'Samini', 53, 0, 'NVEN', 'SISWA', 0),
(15308, 'Sevia Dian Saputri', 53, 0, 'UCJF', 'SISWA', 0),
(15309, 'Siti Fatonah', 53, 0, 'FBKQ', 'SISWA', 0),
(15310, 'Sitta Nuria Agustin', 53, 0, 'LBEF', 'SISWA', 0),
(15311, 'Syifa\' Hasta Salsabila', 53, 0, 'MCVF', 'SISWA', 0),
(15312, 'Tiara Anggun Lestari', 53, 0, 'SDDL', 'SISWA', 0),
(15313, 'Zalfah Wulandari', 53, 0, 'CJJX', 'SISWA', 0),
(15314, 'Zanubha Asha Rahmadanti', 53, 0, 'XATV', 'SISWA', 0),
(15315, 'Adinda Febri Puspa Utami', 54, 0, 'MYRW', 'SISWA', 0),
(15316, 'Akbar Musyaid', 54, 1, 'LKTI', 'SISWA', 0),
(15317, 'Anggita Dyah Kusuma Budi', 54, 0, 'LYVG', 'SISWA', 0),
(15318, 'Arifah Eka Lestari', 54, 0, 'CBLB', 'SISWA', 0),
(15319, 'Azis Dwi Romadhon', 54, 1, 'CWYH', 'SISWA', 0),
(15320, 'Bella Cahyaningtyas', 54, 0, 'HXHZ', 'SISWA', 0),
(15321, 'Destavasya Ilham Magandhy', 54, 0, 'LDPF', 'SISWA', 0),
(15322, 'Dwi Haryanti', 54, 0, 'GCVS', 'SISWA', 0),
(15323, 'Dwi Winda Astuti', 54, 0, 'WRKW', 'SISWA', 0),
(15324, 'Esa Wahyu Rahmawati', 54, 0, 'DENA', 'SISWA', 0),
(15325, 'Evit Setyaningsih', 54, 0, 'AOVI', 'SISWA', 0),
(15326, 'Evita Nurul Safitri', 54, 0, 'IRHL', 'SISWA', 0),
(15327, 'Fella Rifnawati', 54, 0, 'GSYG', 'SISWA', 0),
(15328, 'Fikti Harindiyah', 54, 0, 'EFUB', 'SISWA', 0),
(15329, 'Hikmah Setiyaningsih', 54, 0, 'QNPV', 'SISWA', 0),
(15330, 'Isa Nur Agustin', 54, 0, 'GMDS', 'SISWA', 0),
(15331, 'Jihan Dhiya Faridah', 54, 0, 'JOPL', 'SISWA', 0),
(15332, 'Kharisma Amalya Nugroho', 54, 0, 'JHBF', 'SISWA', 0),
(15333, 'Muhammad Aflah Nurhuda', 54, 1, 'KMWT', 'SISWA', 0),
(15334, 'Nadila Vira Yanuar', 54, 0, 'MLMK', 'SISWA', 0),
(15335, 'Nisa Adhiana', 54, 0, 'FWTB', 'SISWA', 0),
(15336, 'Nova Yolanda Dwi Pratiwi', 54, 0, 'FVBP', 'SISWA', 0),
(15337, 'Nurul Hikmah', 54, 0, 'PLZV', 'SISWA', 0),
(15338, 'Puput Resza Narolita', 54, 0, 'RZQH', 'SISWA', 0),
(15339, 'Rimbi Nurhasanah', 54, 0, 'JWHY', 'SISWA', 0),
(15340, 'Risalatul Nurul Fadhilah', 54, 0, 'MXDS', 'SISWA', 0),
(15341, 'Ristalia Dwi Safitri', 54, 0, 'MZNU', 'SISWA', 0),
(15342, 'Rizqi Dina Prihatini', 54, 0, 'OICZ', 'SISWA', 0),
(15343, 'Selli Hermawati', 54, 0, 'OWAE', 'SISWA', 0),
(15344, 'Septiana Nur Fajriyanti', 54, 0, 'HATS', 'SISWA', 0),
(15345, 'Shofi Ahnaf', 54, 0, 'XXBD', 'SISWA', 0),
(15346, 'Solehah Indah Lestari', 54, 0, 'IOTC', 'SISWA', 0),
(15347, 'Sri Wahyuni', 54, 0, 'MYAL', 'SISWA', 0),
(15348, 'Sunny Karunia Unggul Wiyono', 54, 1, 'SCUE', 'SISWA', 0),
(15349, 'Ulin Nisa\'Ul Mukaromah', 54, 0, 'SMYC', 'SISWA', 0),
(15350, 'Yuanita Freza Rivani', 54, 0, 'VLCK', 'SISWA', 0),
(15351, 'Agus Tinawati', 55, 0, 'ODGH', 'SISWA', 0),
(15352, 'Alfany Nur Syalsabila', 55, 0, 'SGUV', 'SISWA', 0),
(15353, 'Alip Prasetio', 55, 1, 'HMNH', 'SISWA', 0),
(15354, 'Altar  Adhisty Prasetya', 55, 1, 'LVGT', 'SISWA', 0),
(15355, 'Amira Mahardhika Prastianti', 55, 0, 'IRSH', 'SISWA', 0),
(15356, 'Ananda Dwi Maylani', 55, 0, 'CMPH', 'SISWA', 0),
(15357, 'Anggie Catur Lestari', 55, 0, 'CRHX', 'SISWA', 0),
(15358, 'Annisa Maulia Ahaali', 55, 0, 'MCSE', 'SISWA', 0),
(15359, 'Arlinda Dwi Novitasari', 55, 0, 'RTYF', 'SISWA', 0),
(15360, 'Diva Rosiandaru', 55, 0, 'PNCB', 'SISWA', 0),
(15361, 'Dwika Yulansyah Nur Ikhwan', 55, 1, 'ZVTH', 'SISWA', 0),
(15362, 'Fariha Humairoh', 55, 0, 'YWLF', 'SISWA', 0),
(15363, 'Fauzan Syahru Ramadhan', 55, 1, 'LSJO', 'SISWA', 0),
(15364, 'Hidayatu Rohmah', 55, 0, 'KHFZ', 'SISWA', 0),
(15365, 'Idha Nahriatun Arfiani', 55, 0, 'WLIW', 'SISWA', 0),
(15366, 'Indri Wijayani', 55, 0, 'LOMZ', 'SISWA', 0),
(15367, 'Karin Sobri Wulandari', 55, 0, 'BTPT', 'SISWA', 0),
(15368, 'Kartika Dwi Cahya Ramadani', 55, 0, 'GDXZ', 'SISWA', 0),
(15369, 'Khuswatun Khasanah', 55, 0, 'DTUA', 'SISWA', 0),
(15370, 'Kristi Apriliana', 55, 0, 'UTKF', 'SISWA', 0),
(15371, 'Lilis Bekti Utami', 55, 0, 'RSZA', 'SISWA', 0),
(15372, 'Maulida Rahma Susanti', 55, 0, 'IMOD', 'SISWA', 0),
(15373, 'Nur Laela', 55, 0, 'KDPC', 'SISWA', 0),
(15374, 'Oki Bella Veronika', 55, 0, 'AIZN', 'SISWA', 0),
(15375, 'Pinta Harini Fitriana', 55, 0, 'JTTM', 'SISWA', 0),
(15376, 'Putri Haryati', 55, 0, 'ZFNV', 'SISWA', 0),
(15377, 'Sagita Wulandari', 55, 0, 'DBTC', 'SISWA', 0),
(15378, 'Shafa Tiara Wijaya', 55, 0, 'VPYD', 'SISWA', 0),
(15379, 'Sherin Nazila Azizi', 55, 0, 'BWZH', 'SISWA', 0),
(15380, 'Shierly Anggraeni', 55, 0, 'IDIR', 'SISWA', 0),
(15381, 'Sindi Aolia Rakmawati', 55, 0, 'BOXS', 'SISWA', 0),
(15382, 'Syafira Intan Muhliana', 55, 0, 'XOQQ', 'SISWA', 0),
(15383, 'Tri Septiana', 55, 0, 'NCQK', 'SISWA', 0),
(15384, 'Vina Pandu Viana', 55, 0, 'PDHR', 'SISWA', 0),
(15385, 'Afra Talitha Sabina', 56, 0, 'NHJY', 'SISWA', 0),
(15386, 'Ajum Trinawati', 56, 0, 'IQBX', 'SISWA', 0),
(15387, 'Alika Gusma Sabila', 56, 0, 'DUVZ', 'SISWA', 0),
(15388, 'Amelia  Aisyah Putri', 56, 0, 'BMQZ', 'SISWA', 0),
(15389, 'Defi Nafisa Zahra', 56, 0, 'SKKF', 'SISWA', 0),
(15390, 'Dewi Fatimah Azzahra Magdadenta Pasha', 56, 0, 'TAFP', 'SISWA', 0),
(15391, 'Diana Tri Hanifah', 56, 0, 'KRTY', 'SISWA', 0),
(15392, 'Dinda Listiyaningrum', 56, 0, 'NCMK', 'SISWA', 0),
(15393, 'Dita Kris Yuliani', 56, 0, 'CWCY', 'SISWA', 0),
(15394, 'Fadia Aliftania Rahma', 56, 0, 'BDOX', 'SISWA', 0),
(15395, 'Finta Nofitasari', 56, 0, 'PZFJ', 'SISWA', 0),
(15396, 'Inarotunnaylil Maghfiroh', 56, 0, 'AYHH', 'SISWA', 0),
(15397, 'Intan Amalia Firdaus', 56, 0, 'MNHB', 'SISWA', 0),
(15398, 'Intan Zulfa Fadilah', 56, 0, 'OPRF', 'SISWA', 0),
(15399, 'Kartika Puji Rahayu', 56, 0, 'FKLJ', 'SISWA', 0),
(15400, 'Laela Fitriati', 56, 0, 'QAKX', 'SISWA', 0),
(15401, 'Laelanna Wulandari', 56, 0, 'XKGQ', 'SISWA', 0),
(15402, 'Lili', 56, 0, 'WYNF', 'SISWA', 0),
(15403, 'Lu`Lu Anisa', 56, 0, 'FIMN', 'SISWA', 0),
(15405, 'Ngaenah Aulia Uljanah', 56, 0, 'NEEF', 'SISWA', 0),
(15407, 'Nurul Isro Fiimardhotillah', 56, 0, 'TTQL', 'SISWA', 0),
(15408, 'Rani Alfina', 56, 0, 'BVBD', 'SISWA', 0),
(15409, 'Salsabila Indah Yosanti', 56, 0, 'NEKW', 'SISWA', 0),
(15410, 'Sasa Alya Rochali', 56, 0, 'YGNW', 'SISWA', 0),
(15411, 'Siti Khasanah Esa Aprilia', 56, 0, 'CEFN', 'SISWA', 0),
(15412, 'Siwi Kusmiati', 56, 0, 'KJYK', 'SISWA', 0),
(15413, 'Sri Rizqi Wastiti', 56, 0, 'VQFL', 'SISWA', 0),
(15414, 'Sumyati', 56, 0, 'CWQW', 'SISWA', 0),
(15415, 'Tica Maryanti', 56, 0, 'GGWI', 'SISWA', 0),
(15416, 'Tri Imaniar  Ambar Wati', 56, 0, 'OCCY', 'SISWA', 0),
(15417, 'Vonikha Dhefi', 56, 0, 'EIVI', 'SISWA', 0),
(15418, 'Wahyu Putri Handayani', 56, 0, 'DQMI', 'SISWA', 0),
(15419, 'Yunansa Firli Hasina', 56, 0, 'ESTF', 'SISWA', 0),
(15420, 'Zana Astutiningtyas', 56, 0, 'MMMB', 'SISWA', 0),
(15421, 'Adhisti Nur Erlina', 57, 0, 'OXLO', 'SISWA', 0),
(15422, 'Agitia Eka Pramesti', 57, 0, 'EBFE', 'SISWA', 0),
(15423, 'Agustin Nur Yusyadidah', 57, 0, 'KXIL', 'SISWA', 0),
(15424, 'Ajeng Larasati', 57, 0, 'GCJA', 'SISWA', 0),
(15425, 'Aning Sugiarto', 57, 0, 'PMFP', 'SISWA', 0),
(15426, 'Atsni Rusman Wijaya Astuti', 57, 0, 'KVMA', 'SISWA', 0),
(15427, 'Augine Allisya Putri Mahardika', 57, 0, 'QWAV', 'SISWA', 0),
(15428, 'Della Novika', 57, 0, 'MBSG', 'SISWA', 0),
(15429, 'Deviani', 57, 0, 'HWND', 'SISWA', 0),
(15430, 'Dewi Arahmah Maulidha', 57, 0, 'ZYET', 'SISWA', 0),
(15431, 'Dian Safitriani', 57, 0, 'MHVF', 'SISWA', 0),
(15432, 'Elisa Apriyani', 57, 0, 'HJWV', 'SISWA', 0),
(15433, 'Erik Budi Cahyani', 57, 0, 'OESY', 'SISWA', 0),
(15434, 'Febiana Dwi Wardiani', 57, 0, 'KBDT', 'SISWA', 0),
(15435, 'Fiki Qurotul Aini', 57, 0, 'UBBZ', 'SISWA', 0),
(15436, 'Kartiyaningsih', 57, 0, 'COWK', 'SISWA', 0),
(15437, 'Kiki Saputri', 57, 0, 'SMPP', 'SISWA', 0),
(15438, 'Malfiyani Ardina Rasti', 57, 0, 'VLTU', 'SISWA', 0),
(15439, 'Meisa Rahmawati', 57, 0, 'XIJX', 'SISWA', 0),
(15440, 'Misri Murti Atun', 57, 0, 'CKLF', 'SISWA', 0),
(15441, 'Muharromah Erin Nur Fajrianti', 57, 0, 'WHAU', 'SISWA', 0),
(15442, 'Nandita Hanung Sansabila', 57, 0, 'XHXB', 'SISWA', 0),
(15443, 'Nikmah Yatun Hasanah', 57, 0, 'UYZK', 'SISWA', 0),
(15444, 'Nurhalimah', 57, 0, 'ZTYS', 'SISWA', 0),
(15445, 'Ratih Eldina', 57, 0, 'YTJO', 'SISWA', 0),
(15446, 'Renita Nurul Amalia', 57, 0, 'FTDX', 'SISWA', 0),
(15447, 'Safitri', 57, 0, 'ZGRX', 'SISWA', 0),
(15448, 'Salwa Salsabila Widodo', 57, 0, 'VSOC', 'SISWA', 0),
(15449, 'Shalsa Yunanda', 57, 0, 'CZDP', 'SISWA', 0),
(15450, 'Triana Sukma Ningrum', 57, 0, 'PTIN', 'SISWA', 0),
(15451, 'Ukhti Fatimah', 57, 0, 'AAQM', 'SISWA', 0),
(15452, 'Verdiana Indah Pratama', 57, 0, 'VSVD', 'SISWA', 0),
(15453, 'Yahya Novita Istifarina', 57, 0, 'JSTZ', 'SISWA', 0),
(15454, 'Zahra Azania', 57, 0, 'NKAS', 'SISWA', 0),
(15455, 'Adi Rizki', 20, 1, 'FGQE', 'SISWA', 0),
(15456, 'Aditya Rohmatuloh', 20, 1, 'KGDJ', 'SISWA', 0),
(15457, 'Agestri Mahardika Sayekti', 20, 0, 'FPWB', 'SISWA', 0),
(15458, 'Agus Khabib Muaziz', 20, 1, 'QKWD', 'SISWA', 0),
(15459, 'Amanda Nirmala Ramadani', 20, 0, 'ZCKY', 'SISWA', 0),
(15460, 'Anggit Setyobudi', 20, 1, 'GFCK', 'SISWA', 0),
(15461, 'Arif Pardani', 20, 1, 'UVMV', 'SISWA', 0),
(15462, 'Awalia Viola Ela Syahfitri', 20, 0, 'HMWS', 'SISWA', 0),
(15463, 'Bagas Abdul Rozak', 20, 1, 'VGXJ', 'SISWA', 0),
(15464, 'Dhamara Gama Mahendra', 20, 1, 'TQMO', 'SISWA', 0),
(15465, 'Diva Yoga Pratama', 20, 1, 'SJDC', 'SISWA', 0),
(15466, 'Dwi Setiowati', 20, 0, 'IYTP', 'SISWA', 0),
(15467, 'Eko Purwanto', 20, 1, 'PPSQ', 'SISWA', 0),
(15468, 'Erfan Fadila', 20, 1, 'PJJX', 'SISWA', 0),
(15469, 'Faizona Dimas Putra Mahendra', 20, 1, 'TYEO', 'SISWA', 0),
(15470, 'Fatma Dila Rizkiana', 20, 0, 'AMIE', 'SISWA', 0),
(15471, 'Ferdiansyah Khaqiqi', 20, 1, 'QKRF', 'SISWA', 0),
(15472, 'Fidela Eka Wijayanti', 20, 0, 'UCTI', 'SISWA', 0),
(15473, 'Galih Ade Pratama', 20, 1, 'QYGF', 'SISWA', 0),
(15474, 'Harits Azzurqi Alfaritsi', 20, 1, 'PTGF', 'SISWA', 0),
(15475, 'Laila Afni', 20, 0, 'UDPW', 'SISWA', 0),
(15476, 'Maulida Nurina Hidayah Saputri', 20, 0, 'ZUQQ', 'SISWA', 0),
(15477, 'Mita Eka Ningtiyas', 20, 0, 'ZANZ', 'SISWA', 0),
(15478, 'Mohamad Ahdan Althaf', 20, 1, 'BJCF', 'SISWA', 0),
(15479, 'Muhammad Ridwan Firmansyah', 20, 1, 'RFEX', 'SISWA', 0),
(15480, 'Nova Cahya Rahmadhani', 20, 0, 'YDMO', 'SISWA', 0),
(15481, 'Nur Meita Sukma Trisnawati', 20, 0, 'UQPM', 'SISWA', 0),
(15482, 'Raihan Adhe Wirawan Dirgo', 20, 1, 'CXXD', 'SISWA', 0),
(15483, 'Ranis Meditia Setyawati', 20, 0, 'ZTVP', 'SISWA', 0),
(15484, 'Reynaldi Alfa Pramudika', 20, 1, 'CXLY', 'SISWA', 0),
(15485, 'Syahrul Permana', 20, 1, 'QEOA', 'SISWA', 0),
(15486, 'Tegar Wimarstyo', 20, 1, 'TTRA', 'SISWA', 0),
(15487, 'Titis Grahita Pradikti', 20, 0, 'GFUE', 'SISWA', 0),
(15488, 'Uun Aetun Isa', 20, 0, 'EPEI', 'SISWA', 0),
(15489, 'Zafira Nova Utami', 20, 0, 'GTYS', 'SISWA', 0),
(15490, 'Zulqo Nur Faizal', 20, 1, 'MMRF', 'SISWA', 0),
(15491, 'Akhmad Akhirudin Arofah', 21, 1, 'LCLP', 'SISWA', 0),
(15492, 'Alfin Tri Anandar', 21, 1, 'LBJF', 'SISWA', 0),
(15493, 'Anggara Susanto Putra', 21, 1, 'AAZS', 'SISWA', 0),
(15494, 'Awida Inkam Safitri', 21, 0, 'LSIZ', 'SISWA', 0),
(15495, 'Ayugi Rizki Rahmalia', 21, 0, 'LOUD', 'SISWA', 0),
(15496, 'Cahyaning Khairunnisa', 21, 0, 'JBEZ', 'SISWA', 0),
(15497, 'Ellya Sebastian Kristy', 21, 1, 'WGZP', 'SISWA', 0),
(15498, 'Elsa Firnanda', 21, 0, 'ROFY', 'SISWA', 0),
(15499, 'Fakri Azizna', 21, 1, 'PHIJ', 'SISWA', 0),
(15500, 'Faris Akmal Zein', 21, 1, 'RQMJ', 'SISWA', 0),
(15501, 'Fia Zalfa Zulianti', 21, 0, 'QHFY', 'SISWA', 0),
(15502, 'Fitri Handayani', 21, 0, 'LSUE', 'SISWA', 0),
(15503, 'Frisca Valentina Putri', 21, 0, 'RACB', 'SISWA', 0),
(15504, 'Grafa Ramadhan Budiarto', 21, 1, 'EUJH', 'SISWA', 0),
(15505, 'Iqmah Nur Sulistia', 21, 0, 'GXLC', 'SISWA', 0),
(15506, 'Karim Kun Fajri', 21, 1, 'WIBJ', 'SISWA', 0),
(15507, 'Laila Nur Hidayah', 21, 0, 'JJCT', 'SISWA', 0),
(15508, 'Muhamad Chandra Wibowo', 21, 1, 'MSWL', 'SISWA', 0),
(15509, 'Muhammad Iqbal Firmansyah', 21, 1, 'BWNQ', 'SISWA', 0),
(15510, 'Muhammad Joko Wicaksono', 21, 1, 'KSTJ', 'SISWA', 0),
(15511, 'Nafisa Adilaningrum', 21, 0, 'RNXR', 'SISWA', 0),
(15512, 'Pandu Galang Pambudi', 21, 1, 'WUPP', 'SISWA', 0),
(15513, 'Prawita Octa Safitri', 21, 0, 'NRVA', 'SISWA', 0),
(15514, 'Rahmat Adi Wibowo', 21, 1, 'NNZM', 'SISWA', 0),
(15515, 'Rendy Hisyam Fakhriyanto', 21, 1, 'HGSG', 'SISWA', 0),
(15516, 'Rizkiyanto', 21, 1, 'QUQN', 'SISWA', 0),
(15517, 'Sifa Dwi Adelia', 21, 0, 'KROM', 'SISWA', 0),
(15518, 'Sigit Priyono', 21, 1, 'DFBA', 'SISWA', 0),
(15519, 'Siti Maesaroh', 21, 0, 'UKGY', 'SISWA', 0),
(15520, 'Siti Nur Anisah', 21, 0, 'DEER', 'SISWA', 0),
(15521, 'Tegar Nur Hidayat', 21, 1, 'BFVQ', 'SISWA', 0),
(15522, 'Umi Latifah', 21, 0, 'KFSW', 'SISWA', 0),
(15523, 'Wulan Okta Rejeki', 21, 0, 'ISJU', 'SISWA', 0),
(15524, 'Yasir Afandi', 21, 1, 'DGPT', 'SISWA', 0),
(15525, 'Zendi Galih Prabowo', 21, 1, 'RSCZ', 'SISWA', 0),
(15526, 'Ade Yurika Aryani', 22, 0, 'KAGA', 'SISWA', 0),
(15527, 'Alfa Nur Ramadhan', 22, 1, 'AMUL', 'SISWA', 0),
(15528, 'Alif Krisnanda Nurhuda R.', 22, 1, 'NXOO', 'SISWA', 0),
(15529, 'Among Bagas Punarbawa  P.', 22, 1, 'NBIF', 'SISWA', 0),
(15530, 'Apriliyanto Dwi Saputra', 22, 1, 'XMOA', 'SISWA', 0),
(15531, 'Astriditiya Laila Nur Fadilah', 22, 0, 'WEVL', 'SISWA', 0),
(15532, 'Bendi Tandayu Saputra', 22, 1, 'DUKN', 'SISWA', 0),
(15533, 'Deffanty Anindya Ari', 22, 0, 'DBZP', 'SISWA', 0),
(15534, 'Eka Wandha Prasetyani', 22, 0, 'QZEV', 'SISWA', 0),
(15535, 'Erik Gayuh Budiman', 22, 1, 'XSXN', 'SISWA', 0),
(15536, 'Faizal Habib Ariansah', 22, 1, 'RVLI', 'SISWA', 0),
(15537, 'Fathin Julian Ahmad', 22, 1, 'TDCR', 'SISWA', 0),
(15538, 'Fitriana Wahda Nur Faoziah', 22, 0, 'HCBH', 'SISWA', 0),
(15539, 'Ibrahim Al Anshor', 22, 1, 'VPCZ', 'SISWA', 0),
(15540, 'Liana Mawadah', 22, 0, 'IYLP', 'SISWA', 0),
(15541, 'Melodi Muninggar', 22, 0, 'LJAC', 'SISWA', 0),
(15542, 'Merisa Windi Saputri', 22, 0, 'XUQW', 'SISWA', 0),
(15543, 'Mohammad Syarif Romadhon', 22, 1, 'NULZ', 'SISWA', 0),
(15544, 'Muhammad Zuhri `Athoillah', 22, 1, 'BHHA', 'SISWA', 0),
(15545, 'Niken Widyaningtyas', 22, 0, 'IEDI', 'SISWA', 0),
(15546, 'Raihan Rafi Samudra', 22, 1, 'ISDQ', 'SISWA', 0),
(15547, 'Riyani Koswara', 22, 0, 'UCVN', 'SISWA', 0),
(15548, 'Rizqka Milia Desta K.', 22, 0, 'IZPF', 'SISWA', 0),
(15549, 'Rozy  Fanesha', 22, 1, 'DXEH', 'SISWA', 0),
(15550, 'Sadira Wahyu Riqi Dwitama', 22, 1, 'EQCZ', 'SISWA', 0),
(15551, 'Salsabila Dwi Apriliana', 22, 0, 'VYVO', 'SISWA', 0);
INSERT INTO `user` (`id_user`, `nama`, `id_kelas`, `jk`, `token`, `jenis_user`, `status_pemilihan`) VALUES
(15552, 'Shalsa Nabila Amandasari', 22, 0, 'BLAJ', 'SISWA', 0),
(15553, 'Sheren Dian Prasetyowati', 22, 0, 'DROO', 'SISWA', 0),
(15554, 'Soleh Wahyu Hidayat', 22, 1, 'DAKF', 'SISWA', 0),
(15555, 'Syakila Farsya Humaira', 22, 0, 'AIJA', 'SISWA', 0),
(15556, 'Sylvia Nur Aisyah', 22, 0, 'DHKV', 'SISWA', 0),
(15557, 'Tegar Budi Prasetyo', 22, 1, 'ANDI', 'SISWA', 0),
(15558, 'Wulan Sukma Wardani', 22, 0, 'RQOL', 'SISWA', 0),
(15559, 'Yogi Tri Karunia', 22, 0, 'NLWI', 'SISWA', 0),
(15560, 'Yusuf Setiawan', 22, 1, 'NUKH', 'SISWA', 0),
(15561, 'Zahrotul Nur Janah', 22, 0, 'SNFG', 'SISWA', 0),
(15562, 'Adi Rizko', 23, 1, 'REYD', 'SISWA', 0),
(15563, 'Akbar Palwa Ramadhani Hz', 23, 1, 'OQRO', 'SISWA', 0),
(15564, 'Alita Lestari', 23, 0, 'SZES', 'SISWA', 0),
(15565, 'Anggi Saputra', 23, 1, 'DCEX', 'SISWA', 0),
(15566, 'Anis Anzali Rohmah', 23, 0, 'WAZS', 'SISWA', 0),
(15567, 'Aththoriq Nur Wahid', 23, 1, 'SEFI', 'SISWA', 0),
(15568, 'Berlian Hudzaifi Ludfansah', 23, 1, 'HJSO', 'SISWA', 0),
(15569, 'Daffa Ilham Ibrahim', 23, 1, 'TNNE', 'SISWA', 0),
(15570, 'Dian Prasetia', 23, 0, 'QOBP', 'SISWA', 0),
(15571, 'Diska Wulandari', 23, 0, 'EPZK', 'SISWA', 0),
(15572, 'Dzikry Syahrul Hafiz', 23, 1, 'TIXR', 'SISWA', 0),
(15573, 'Farel Asrofi', 23, 1, 'PMHU', 'SISWA', 0),
(15574, 'Hanif Mukkorrobin', 23, 1, 'MABV', 'SISWA', 0),
(15575, 'Himawan', 23, 1, 'GRUA', 'SISWA', 0),
(15576, 'Isya\' Nabillah', 23, 0, 'IMAJ', 'SISWA', 0),
(15577, 'Karinah', 23, 0, 'HKSZ', 'SISWA', 0),
(15578, 'Khairunnisa Shabrina Afifah', 23, 0, 'MCKQ', 'SISWA', 0),
(15579, 'Krido Pambudi Bowo Leksono', 23, 1, 'HGXC', 'SISWA', 0),
(15580, 'Mohamad Mi`Roj Majid', 23, 1, 'ZKQY', 'SISWA', 0),
(15581, 'Muthia Ramadhani', 23, 0, 'SFVV', 'SISWA', 0),
(15582, 'Nurdiyanti', 23, 0, 'JVGW', 'SISWA', 0),
(15583, 'Refiana Saputri', 23, 0, 'CYRI', 'SISWA', 0),
(15584, 'Rizki Dwi Nur Hartanti', 23, 0, 'IIFP', 'SISWA', 0),
(15585, 'Rizqi Latiful Qirom', 23, 1, 'POBS', 'SISWA', 0),
(15586, 'Rizqi Zakia Laimena', 23, 0, 'VHKW', 'SISWA', 0),
(15587, 'Ronny Setiawan', 23, 1, 'MYUQ', 'SISWA', 0),
(15588, 'Safiqul Islam Rizky Romadhon', 23, 1, 'CMHF', 'SISWA', 0),
(15589, 'Safira Risqita Ramadhani', 23, 0, 'KRHM', 'SISWA', 0),
(15590, 'Seka Rizki Carolina', 23, 0, 'VLXD', 'SISWA', 0),
(15591, 'Sinta Lestari', 23, 0, 'WWOB', 'SISWA', 0),
(15592, 'Siti Aisiyah', 23, 0, 'JMIE', 'SISWA', 0),
(15593, 'Sofia Nur Rahmadhani', 23, 0, 'YZLK', 'SISWA', 0),
(15594, 'Wiwit Asih Yunita', 23, 0, 'PTPL', 'SISWA', 0),
(15595, 'Yohanda Bagas Rimbawan', 23, 1, 'CGOB', 'SISWA', 0),
(15596, 'Yusni Kartika Cahyaningtyas', 23, 0, 'JTIT', 'SISWA', 0),
(15597, 'Zakia Azi Ashwani', 23, 1, 'MMSZ', 'SISWA', 0),
(15599, 'Alif Raehansyah', 24, 1, 'JLFS', 'SISWA', 0),
(15600, 'Andi Kurniawan', 24, 1, 'YFIJ', 'SISWA', 0),
(15601, 'Ariel Afrizi Alqadri', 24, 1, 'OWUN', 'SISWA', 0),
(15602, 'Arya Aditama', 24, 1, 'RDDD', 'SISWA', 0),
(15603, 'Asril Lintang Ardias', 24, 1, 'QVXI', 'SISWA', 0),
(15604, 'Candy Putra Pratama', 24, 1, 'LFJL', 'SISWA', 0),
(15605, 'Daffa Akhdan Afif', 24, 1, 'CWTO', 'SISWA', 0),
(15606, 'Dwi Dian Pangestu', 24, 1, 'DQEF', 'SISWA', 0),
(15607, 'Dyah Ayu Puspitasari', 24, 0, 'KLWF', 'SISWA', 0),
(15608, 'Efa Putri Destiani', 24, 0, 'CCAG', 'SISWA', 0),
(15609, 'Elsa Laila Fatmin', 24, 0, 'WWCB', 'SISWA', 0),
(15610, 'Elvi Cena Ariana', 24, 0, 'MDEE', 'SISWA', 0),
(15611, 'Enjang Arum Ndani', 24, 0, 'GLTE', 'SISWA', 0),
(15612, 'Fais Faozi', 24, 1, 'OYBR', 'SISWA', 0),
(15613, 'Fajar Dwiyana', 24, 0, 'KNCM', 'SISWA', 0),
(15614, 'Fati\'Ah Shashira Pangestika', 24, 0, 'WDWK', 'SISWA', 0),
(15615, 'Gayuh Riski Dwi Anantyas', 24, 0, 'ZAZM', 'SISWA', 0),
(15616, 'Jatayu Arya Bimantara', 24, 1, 'PQBK', 'SISWA', 0),
(15617, 'Jelita Nur Faatihah', 24, 0, 'NKRW', 'SISWA', 0),
(15618, 'Jeni Nurchasanah', 24, 0, 'VNEC', 'SISWA', 0),
(15619, 'Julian Safrizal Huda', 24, 1, 'DCKS', 'SISWA', 0),
(15620, 'M. Riski Saputra', 24, 1, 'YMGM', 'SISWA', 0),
(15621, 'Maulana Mufarrid Al Fath', 24, 1, 'KXPC', 'SISWA', 0),
(15622, 'Meizar Syahdan Pradimas', 24, 1, 'ZJTC', 'SISWA', 0),
(15623, 'Muhammad Sony Afian Husen', 24, 1, 'URXA', 'SISWA', 0),
(15624, 'Novalino Aruna Yoga Windiarto', 24, 1, 'BOLM', 'SISWA', 0),
(15625, 'Novandi Saputra', 24, 1, 'FSYO', 'SISWA', 0),
(15626, 'Rafiko Dwi Oktafianto', 24, 1, 'SMTL', 'SISWA', 0),
(15627, 'Refi Liyanti', 24, 0, 'DFGX', 'SISWA', 0),
(15628, 'Sandya Aringga Pradipta', 24, 1, 'NAOJ', 'SISWA', 0),
(15629, 'Sholeh Mu\'Arif', 24, 1, 'ETGN', 'SISWA', 0),
(15630, 'Solikhun', 24, 1, 'AASN', 'SISWA', 0),
(15631, 'Syifa Anjani Azzahra', 24, 0, 'LKMQ', 'SISWA', 0),
(15632, 'Tri Hardono', 24, 1, 'TQCC', 'SISWA', 0),
(15633, 'Wahyu Sahrul Ramadhan', 24, 1, 'BQPW', 'SISWA', 0),
(15634, 'Aditya Bayu Saputra', 25, 1, 'SUVN', 'SISWA', 0),
(15635, 'Agung Handara Setiawan Siregar', 25, 1, 'JVOX', 'SISWA', 0),
(15636, 'Akhmad Akbar Fadilah', 25, 1, 'RNWZ', 'SISWA', 0),
(15637, 'Anto Dwi Prastyono', 25, 1, 'WGAN', 'SISWA', 0),
(15638, 'Avi Yudianto', 25, 1, 'BOXF', 'SISWA', 0),
(15639, 'Azizah Salma Karimah', 6, 0, 'TRXF', 'SISWA', 0),
(15640, 'Bagas Angga Pratama', 25, 1, 'CTPA', 'SISWA', 0),
(15641, 'David Setiawan', 25, 1, 'JIFC', 'SISWA', 0),
(15642, 'Devi Nur Amalia', 25, 0, 'CGWG', 'SISWA', 0),
(15643, 'Dimas Jati Waluyo', 25, 1, 'CLTG', 'SISWA', 0),
(15644, 'Dinda Sahita Wulandari', 25, 0, 'PWQM', 'SISWA', 0),
(15645, 'Elma Risda Pramesti', 25, 0, 'ZJIK', 'SISWA', 0),
(15646, 'Fahri Sugiarto', 25, 1, 'BCRJ', 'SISWA', 0),
(15647, 'Ferdinan Prayoga', 25, 1, 'EIIZ', 'SISWA', 0),
(15648, 'Hasan Abdulloh', 25, 1, 'ZVFB', 'SISWA', 0),
(15649, 'Indra Ghaniy Kusuma', 25, 1, 'CPEA', 'SISWA', 0),
(15650, 'Insanu Gesang Wijang Karno', 25, 1, 'AYLE', 'SISWA', 0),
(15651, 'Lidya Aryaningrum', 25, 0, 'IAMD', 'SISWA', 0),
(15652, 'M Rismawan', 25, 1, 'AQDZ', 'SISWA', 0),
(15653, 'Maylan Maulidah Lestari', 25, 0, 'CSWZ', 'SISWA', 0),
(15654, 'Muhamad Hanif Hidayatulah', 25, 1, 'ISHA', 'SISWA', 0),
(15655, 'Muhammad Ilham Sayogi', 25, 1, 'IOTZ', 'SISWA', 0),
(15656, 'Muladi Udawarsa Hidayat', 25, 1, 'LQST', 'SISWA', 0),
(15657, 'Nofa Nur Fitrianingsih', 25, 0, 'CZRY', 'SISWA', 0),
(15658, 'Octaviandy Tegar Hernanda', 25, 1, 'NEHT', 'SISWA', 0),
(15659, 'Pristia Dwi Nofiana', 25, 0, 'ETMF', 'SISWA', 0),
(15660, 'Putri Cahya Mardiyanti', 25, 0, 'NPLV', 'SISWA', 0),
(15661, 'Rahma Fadli Syahri', 25, 1, 'GMYH', 'SISWA', 0),
(15662, 'Regina Dwi Cahyaningtyas', 25, 0, 'CVAV', 'SISWA', 0),
(15663, 'Risma Marlina', 25, 0, 'GPNQ', 'SISWA', 0),
(15664, 'Satria Bhekti Akhisnu', 25, 1, 'ZFKG', 'SISWA', 0),
(15665, 'Shofiana Syaila  Salsabela', 25, 0, 'SEHX', 'SISWA', 0),
(15666, 'Siddiq Maulana', 25, 1, 'WUUN', 'SISWA', 0),
(15667, 'Syafiq Maulana Husen', 25, 1, 'VDNM', 'SISWA', 0),
(15668, 'Toif Dwi Prasetyo', 25, 1, 'PCZS', 'SISWA', 0),
(15669, 'Zakaria Nur Hidayat', 25, 1, 'MJCD', 'SISWA', 0),
(15670, 'Adhitia Jati Pratama', 26, 1, 'VFIZ', 'SISWA', 0),
(15671, 'Afrianti', 26, 0, 'PLRJ', 'SISWA', 0),
(15672, 'Alya Maulani Khodijah', 26, 0, 'KIOB', 'SISWA', 0),
(15673, 'Andriyansyah Anandiyanto Nadiyan', 26, 1, 'PMKR', 'SISWA', 0),
(15674, 'Anna Risqi Yuniati', 26, 0, 'CNGC', 'SISWA', 0),
(15675, 'Ayu Liani Ifadati', 26, 0, 'OMSK', 'SISWA', 0),
(15676, 'Daffa Eilien Jaami', 26, 0, 'FEAQ', 'SISWA', 0),
(15677, 'Desti Risqiandita', 26, 0, 'HDGK', 'SISWA', 0),
(15678, 'Dewi Prasetyaningsih', 26, 0, 'DJEM', 'SISWA', 0),
(15679, 'Dwi Saputri', 26, 0, 'CDSE', 'SISWA', 0),
(15680, 'Eling Stiawan', 26, 1, 'JNTL', 'SISWA', 0),
(15681, 'Febbian Laura Angel', 26, 0, 'NHBB', 'SISWA', 0),
(15682, 'Hasna Afifah', 26, 0, 'IRDA', 'SISWA', 0),
(15683, 'Hendra Pramana Putra', 26, 1, 'MGXN', 'SISWA', 0),
(15684, 'Ivan Anugrah Gusti Saputra', 26, 1, 'GEVP', 'SISWA', 0),
(15685, 'Krisna Azhar Maulana', 26, 1, 'UYUU', 'SISWA', 0),
(15686, 'Meizar Ardha Chairunnisa', 26, 0, 'SNTD', 'SISWA', 0),
(15687, 'Moch. Anis `Ainun Na`Im', 26, 1, 'FOHO', 'SISWA', 0),
(15688, 'Muhamad Wildan Lunavarel Ghozalie', 26, 1, 'VBPF', 'SISWA', 0),
(15689, 'Muhamad Zulfikar', 26, 1, 'DEAG', 'SISWA', 0),
(15691, 'Muhammad Deva Ariyanto', 26, 1, 'BMHX', 'SISWA', 0),
(15692, 'Muhammad Rahmana Putra', 26, 1, 'EYOQ', 'SISWA', 0),
(15693, 'Noviana Ramadhani', 26, 0, 'OIAB', 'SISWA', 0),
(15694, 'Nur Dina Amelia Firdaus', 26, 0, 'XMSH', 'SISWA', 0),
(15695, 'Nur Faqih Zanuar Pamungkas', 26, 1, 'OPNX', 'SISWA', 0),
(15696, 'Nur Gilang Ramadhan', 26, 1, 'EIOZ', 'SISWA', 0),
(15697, 'Oki Asti Nadila', 26, 0, 'YZPC', 'SISWA', 0),
(15698, 'Oktaviana Dwi Lestari', 26, 0, 'NWUR', 'SISWA', 0),
(15699, 'Rasheesa Alya Rayhan', 26, 1, 'TNQV', 'SISWA', 0),
(15700, 'Riko Syah Maulana', 26, 1, 'LMCZ', 'SISWA', 0),
(15701, 'Seppyan Pranata', 26, 1, 'DUNZ', 'SISWA', 0),
(15702, 'Syarif Maulana', 26, 1, 'ATTB', 'SISWA', 0),
(15703, 'Syifaul Khudus', 26, 0, 'TFGR', 'SISWA', 0),
(15704, 'Tyas Nida Eriska K.', 26, 0, 'MFVS', 'SISWA', 0),
(15705, 'Winina Choirunisa', 26, 0, 'NXMZ', 'SISWA', 0),
(15706, 'Abi Aufara', 27, 1, 'IMBL', 'SISWA', 0),
(15707, 'Aditia Nur Hidayah', 27, 0, 'SBUA', 'SISWA', 0),
(15708, 'Aji Prasetyo', 27, 1, 'JROX', 'SISWA', 0),
(15709, 'Alya Rizki Lestari', 27, 0, 'DYVS', 'SISWA', 0),
(15710, 'Amirul Dzaki Pratama', 27, 1, 'TGIQ', 'SISWA', 0),
(15711, 'Andre Puji Setiawan', 27, 1, 'EAEH', 'SISWA', 0),
(15712, 'Ari Wijayanto', 27, 1, 'KRRJ', 'SISWA', 0),
(15713, 'Arif Nur Alim', 27, 1, 'CARI', 'SISWA', 0),
(15714, 'Dani Oktafiana', 27, 0, 'IVKK', 'SISWA', 0),
(15715, 'Devita Zulfa Azzahra', 27, 0, 'KTLS', 'SISWA', 0),
(15716, 'Diyah April Setyawati', 27, 0, 'ZVYT', 'SISWA', 0),
(15717, 'Fajar Sugianto', 27, 1, 'NSRO', 'SISWA', 0),
(15718, 'Farah Nurina Rahma', 27, 0, 'YLPY', 'SISWA', 0),
(15719, 'Hanif Ferdiansah', 27, 1, 'VGKB', 'SISWA', 0),
(15720, 'Heliana Sapto Yuwono', 27, 1, 'XQWO', 'SISWA', 0),
(15721, 'Ilham Maulana Romadhon', 27, 1, 'FTGH', 'SISWA', 0),
(15722, 'Kurnia Ferra Addini', 27, 0, 'RRUN', 'SISWA', 0),
(15723, 'Maolana Laela Romadhon', 27, 1, 'YQNU', 'SISWA', 0),
(15724, 'Marfuah Adiningrum', 27, 0, 'CBJX', 'SISWA', 0),
(15725, 'Marshenda Putri Gandini', 27, 0, 'WNXH', 'SISWA', 0),
(15726, 'Muhamad Nu`Man Al Kafi', 27, 1, 'HVIK', 'SISWA', 0),
(15727, 'Muhammad Ghifari Maula', 27, 1, 'XZZZ', 'SISWA', 0),
(15728, 'Nanda Apriliya Utami', 27, 0, 'MUIT', 'SISWA', 0),
(15729, 'Noka Pratama', 27, 1, 'KRTC', 'SISWA', 0),
(15730, 'Novalia Yoga Rahmadhita', 27, 0, 'HCCC', 'SISWA', 0),
(15731, 'Novita Ayuningsih', 27, 0, 'SJVL', 'SISWA', 0),
(15732, 'Nunik Anggraeni', 27, 0, 'PMAE', 'SISWA', 0),
(15733, 'Rendifa Yovi Firmansyah', 27, 1, 'DWVT', 'SISWA', 0),
(15734, 'Rifka Annisa Ulfanurain', 27, 0, 'AKHR', 'SISWA', 0),
(15735, 'Rifki Amron', 27, 1, 'SJGP', 'SISWA', 0),
(15736, 'Satria Lathif Saefudin', 27, 1, 'PKEU', 'SISWA', 0),
(15737, 'Triyas Pambudi Setyaningsih', 27, 0, 'VAXZ', 'SISWA', 0),
(15738, 'Wisnu Abdulah', 27, 1, 'DKNR', 'SISWA', 0),
(15739, 'Yulia Wardani', 27, 0, 'TJYI', 'SISWA', 0),
(15740, 'Yunita Rahayu', 27, 0, 'SIGX', 'SISWA', 0),
(15741, 'Yusuf Nur Hidayat Raifuri', 27, 1, 'QPKC', 'SISWA', 0),
(15742, 'Adivan Putra Apriliano', 28, 1, 'LGTQ', 'SISWA', 0),
(15743, 'Agessa Rangga Vacarel', 28, 1, 'DMUP', 'SISWA', 0),
(15744, 'Alif Ariska', 28, 1, 'PHYB', 'SISWA', 0),
(15745, 'Ananda Bayu Prasetya', 28, 1, 'LEEB', 'SISWA', 0),
(15746, 'Anugrah Kherina Putri', 28, 0, 'HHQG', 'SISWA', 0),
(15747, 'Azka Rasyid Hussain', 28, 1, 'XVXJ', 'SISWA', 0),
(15748, 'Azmi Noor Kholid', 28, 1, 'XHXU', 'SISWA', 0),
(15749, 'Destiana Aszara', 28, 0, 'XLRN', 'SISWA', 0),
(15750, 'Erwin Putra Karuniatama', 28, 1, 'JBKE', 'SISWA', 0),
(15751, 'Faqih Ibnu Syaifullah', 28, 1, 'BSOG', 'SISWA', 0),
(15752, 'Farhan Permana', 28, 1, 'GKSS', 'SISWA', 0),
(15753, 'Fatikha Dhevan Arifatullatifah', 28, 0, 'DFUD', 'SISWA', 0),
(15754, 'Fhatika Nur Haliza', 28, 0, 'GBSY', 'SISWA', 0),
(15755, 'Fika Nabilah Safitri', 28, 0, 'QYLT', 'SISWA', 0),
(15756, 'Gigih Nur Alim', 28, 1, 'KSYE', 'SISWA', 0),
(15757, 'Gita Wulan Oktavia', 28, 0, 'XVBS', 'SISWA', 0),
(15758, 'Intan Sekar Wulanti', 28, 0, 'PGBY', 'SISWA', 0),
(15759, 'Lisa Rahmawati', 28, 0, 'RRDI', 'SISWA', 0),
(15760, 'Muhammad Arif Rizqi Utomo', 28, 1, 'ETZU', 'SISWA', 0),
(15761, 'Nazhifatus Zahra', 28, 0, 'TASY', 'SISWA', 0),
(15762, 'Nurul Laelatun Naviah', 28, 0, 'EQIA', 'SISWA', 0),
(15763, 'Panggih Widadi', 28, 1, 'YKRB', 'SISWA', 0),
(15764, 'Pefri Ari Nasution', 28, 1, 'EUQH', 'SISWA', 0),
(15765, 'Putri Dian Nur', 28, 0, 'ZWGO', 'SISWA', 0),
(15766, 'Putri Pandora Talita', 28, 0, 'HJNR', 'SISWA', 0),
(15767, 'Rahayu Nur Azizah', 28, 0, 'OFKY', 'SISWA', 0),
(15768, 'Rani Setya Utami', 28, 0, 'QUOD', 'SISWA', 0),
(15769, 'Rizki Masduki', 28, 1, 'DFYL', 'SISWA', 0),
(15770, 'Rizki Ramadhani', 28, 1, 'FXXR', 'SISWA', 0),
(15771, 'Rizkia Nur Aisyah', 28, 0, 'BFJO', 'SISWA', 0),
(15772, 'Silvina Yuniar', 28, 0, 'GZSC', 'SISWA', 0),
(15773, 'Sri Setiawati', 28, 0, 'WNYA', 'SISWA', 0),
(15774, 'Tri Wahyu Oktaviana', 28, 0, 'VJAB', 'SISWA', 0),
(15775, 'Uwaisul Qhorni', 28, 1, 'VCMX', 'SISWA', 0),
(15776, 'Viki Nur  Widiansyah', 28, 1, 'QDYU', 'SISWA', 0),
(15777, 'Yofanda Ario Bagus Putra', 28, 1, 'FZCI', 'SISWA', 0),
(15778, 'Adelia Mustika Prastiyani', 29, 0, 'KKWM', 'SISWA', 0),
(15779, 'Afenia Desi Handayani', 29, 0, 'QHJC', 'SISWA', 0),
(15780, 'Afriani Sari Astuti', 29, 0, 'TUDD', 'SISWA', 0),
(15781, 'Amara Az Zahra', 29, 0, 'BDMM', 'SISWA', 0),
(15782, 'Amelia Ismawati', 29, 0, 'MQMH', 'SISWA', 0),
(15783, 'Anis Atunajah', 29, 0, 'LLVK', 'SISWA', 0),
(15784, 'Apri Nur Afni', 29, 0, 'RLWZ', 'SISWA', 0),
(15785, 'Ari Safitri', 29, 0, 'MHHO', 'SISWA', 0),
(15786, 'Ariani Fauzatun Illhmi', 29, 0, 'GXAU', 'SISWA', 0),
(15787, 'Aulia Nur Anggraeni', 29, 0, 'KEWM', 'SISWA', 0),
(15788, 'Chita Faryan Oktafiana', 29, 0, 'JRPL', 'SISWA', 0),
(15789, 'Devita Elkana Putri', 29, 0, 'YARF', 'SISWA', 0),
(15790, 'Dini Hardiantri', 29, 0, 'SIRW', 'SISWA', 0),
(15791, 'Dwi Rahmawati', 29, 0, 'GMPS', 'SISWA', 0),
(15792, 'Errikha Nurul Badriyah', 29, 0, 'FFET', 'SISWA', 0),
(15793, 'Fadila Asih Sriwahyuni', 29, 0, 'AZYD', 'SISWA', 0),
(15794, 'Fina Agustina', 29, 0, 'IJJB', 'SISWA', 0),
(15795, 'Luthfiyya Khoerun Nisa', 29, 0, 'KLXE', 'SISWA', 0),
(15796, 'Margaretha Dwi Hardini', 29, 0, 'UOLQ', 'SISWA', 0),
(15797, 'Maya Maharvina', 29, 0, 'XOIY', 'SISWA', 0),
(15798, 'Mufida Nur Faridah Basyar', 29, 0, 'UTAI', 'SISWA', 0),
(15799, 'Muh. Hafid Zukhruf Rihlan', 29, 1, 'XQAP', 'SISWA', 0),
(15800, 'Nisma Lintang Chaeroh', 29, 0, 'DTNM', 'SISWA', 0),
(15801, 'Nofita Sari Sri Rejeki', 29, 0, 'ACEY', 'SISWA', 0),
(15802, 'Oki Kamelia', 29, 0, 'IBLH', 'SISWA', 0),
(15803, 'Oni Laura Fitriani', 29, 0, 'XFBU', 'SISWA', 0),
(15804, 'Putri Catur Wulandari', 29, 0, 'PSGT', 'SISWA', 0),
(15805, 'Riska Oktiani', 29, 0, 'ZKMK', 'SISWA', 0),
(15806, 'Salsa Billa Dwi Maesaroh', 29, 0, 'XXWQ', 'SISWA', 0),
(15807, 'Stifani Saputri', 29, 0, 'LHYT', 'SISWA', 0),
(15808, 'Tatag Yoga Pratama', 29, 1, 'OIMQ', 'SISWA', 0),
(15809, 'Ulya Rosdiana Rahmawati', 29, 0, 'YDHA', 'SISWA', 0),
(15810, 'Wilujeng Setiaji', 29, 1, 'LMZD', 'SISWA', 0),
(15811, 'Yuni Aurellia Dinata', 29, 0, 'NNSR', 'SISWA', 0),
(15812, 'Yuni Nurul Azizah', 29, 0, 'TSEU', 'SISWA', 0),
(15813, 'Zakiya Nurul Nasywa', 29, 0, 'LSWB', 'SISWA', 0),
(15814, 'Ahmad Sulistyo', 30, 1, 'QNSD', 'SISWA', 0),
(15815, 'Alda Salfa Apriliani', 30, 0, 'ULXY', 'SISWA', 0),
(15816, 'Anggita Fika Listiawan', 30, 0, 'XOXP', 'SISWA', 0),
(15817, 'Anggun Larasati', 30, 0, 'WWFZ', 'SISWA', 0),
(15818, 'Apriliani Wahyu Lestari', 30, 0, 'ZGTK', 'SISWA', 0),
(15819, 'Ayuningtyas', 30, 0, 'HOMH', 'SISWA', 0),
(15820, 'Bintang Aquaris', 30, 0, 'UFIZ', 'SISWA', 0),
(15821, 'Catur Putri Sukma Rinawan', 30, 0, 'BLDX', 'SISWA', 0),
(15822, 'Devala Nuriastamaivel Landovalina', 30, 0, 'DXFZ', 'SISWA', 0),
(15823, 'Eka Fifi Nur Ifa', 30, 0, 'PCBC', 'SISWA', 0),
(15824, 'Fanny Agustin', 30, 0, 'MPQU', 'SISWA', 0),
(15825, 'Farid Mujahidin', 30, 1, 'WUSY', 'SISWA', 0),
(15826, 'Fatimah Janatun Naim', 30, 0, 'CAAL', 'SISWA', 0),
(15827, 'Febi Merliana', 30, 0, 'WUSF', 'SISWA', 0),
(15828, 'Fitri Siska Amalia', 30, 0, 'DMKQ', 'SISWA', 0),
(15829, 'Laila Dwiana', 30, 0, 'LJOX', 'SISWA', 0),
(15830, 'Leni Permatasari', 30, 0, 'MBXB', 'SISWA', 0),
(15831, 'Lusy Rahmawati', 30, 0, 'LBJU', 'SISWA', 0),
(15832, 'Lutfianti Mardiyah', 30, 0, 'YKYA', 'SISWA', 0),
(15833, 'Mohammad Faozi Saputra', 30, 1, 'TSAT', 'SISWA', 0),
(15834, 'Nadia Maila Husna', 30, 0, 'KVHZ', 'SISWA', 0),
(15835, 'Ninu Apsari Rustriningsih', 30, 0, 'VARN', 'SISWA', 0),
(15836, 'Nur Intan Tri Rahayu', 30, 0, 'TPEW', 'SISWA', 0),
(15837, 'Nurkholifah', 30, 0, 'SCZY', 'SISWA', 0),
(15838, 'Pinta Amalia Rahmah', 30, 0, 'FXVM', 'SISWA', 0),
(15839, 'Pradita Rezi Saputra', 30, 1, 'BBWT', 'SISWA', 0),
(15840, 'Ridwan Adnan Setiaman', 30, 1, 'QFIS', 'SISWA', 0),
(15841, 'Rina Nur Safitri', 30, 0, 'AROF', 'SISWA', 0),
(15842, 'Tantri Nurmalita', 30, 0, 'QLEB', 'SISWA', 0),
(15843, 'Tri Riyanti', 30, 0, 'HCYD', 'SISWA', 0),
(15844, 'Trianita Wardani', 30, 0, 'SVTO', 'SISWA', 0),
(15845, 'Tuti Purwanti', 30, 0, 'WANJ', 'SISWA', 0),
(15846, 'Veni Rahmasari', 30, 0, 'UDRZ', 'SISWA', 0),
(15847, 'Yesinta Noviana', 30, 0, 'HFUR', 'SISWA', 0),
(15848, 'Yulia Astuti', 30, 0, 'KKUQ', 'SISWA', 0),
(15849, 'Yunika Setiyowati', 30, 0, 'AOMO', 'SISWA', 0),
(15850, 'Adila Fitriyanti Fadillah', 31, 0, 'WLKL', 'SISWA', 0),
(15851, 'Adinda Nurlaely', 31, 0, 'DRSD', 'SISWA', 0),
(15852, 'Aliya Sasi Ramdani', 31, 0, 'MSZU', 'SISWA', 0),
(15853, 'Amalina Zahro Putri Atmaja', 31, 0, 'QNMR', 'SISWA', 0),
(15854, 'Amelia Puspita Dewi', 31, 0, 'HVSJ', 'SISWA', 0),
(15855, 'Anditha Putri Febriyanti', 31, 0, 'BMSJ', 'SISWA', 0),
(15856, 'Ashpasyia Baitrice', 31, 0, 'WEKT', 'SISWA', 0),
(15857, 'Azzahra Dinka P.', 31, 0, 'TIFJ', 'SISWA', 0),
(15858, 'Belia Anjel Saputri', 31, 0, 'GJAC', 'SISWA', 0),
(15859, 'Delia Purnama Putri', 31, 0, 'EHWX', 'SISWA', 0),
(15860, 'Devi Marlina', 31, 0, 'NLAK', 'SISWA', 0),
(15861, 'Difa Silfiana', 31, 0, 'ONNL', 'SISWA', 0),
(15862, 'Dilla Syarri Vardiyatun Azizah', 31, 0, 'HCPA', 'SISWA', 0),
(15863, 'Fannysha Maylani', 31, 0, 'QRQW', 'SISWA', 0),
(15864, 'Fitria Nur Khasanah', 31, 0, 'NWAW', 'SISWA', 0),
(15865, 'Hana Salsa Furqonia', 31, 0, 'RKYF', 'SISWA', 0),
(15866, 'Inasafra Almira', 31, 0, 'OJYP', 'SISWA', 0),
(15867, 'Irmawati Dwi Arini', 31, 0, 'USCW', 'SISWA', 0),
(15868, 'Lulu Latifah', 31, 0, 'ACKF', 'SISWA', 0),
(15869, 'Mei Istiyani', 31, 0, 'NJFI', 'SISWA', 0),
(15870, 'Nadila Tri Mauliditiya', 31, 0, 'WCXF', 'SISWA', 0),
(15871, 'Nanda Histori', 31, 0, 'QFXA', 'SISWA', 0),
(15872, 'Noni Marisa Lestari', 31, 0, 'VPEP', 'SISWA', 0),
(15873, 'Prastika Tara Nurul Hidayah', 31, 0, 'DQUG', 'SISWA', 0),
(15874, 'Puput Fitriyani', 31, 0, 'SYRP', 'SISWA', 0),
(15875, 'Rena Restiana', 31, 0, 'QRDQ', 'SISWA', 0),
(15876, 'Retno Wiranti', 31, 0, 'ERZN', 'SISWA', 0),
(15877, 'Rina Rahayu', 31, 0, 'JQBM', 'SISWA', 0),
(15878, 'Salsabila Kholiduni Amalia Azmi', 31, 0, 'HXSL', 'SISWA', 0),
(15879, 'Sintia Windiyati', 31, 0, 'ZPLF', 'SISWA', 0),
(15880, 'Sri Wahyuningsih', 31, 0, 'KPSH', 'SISWA', 0),
(15881, 'Titalia Nurlita', 31, 0, 'UOQL', 'SISWA', 0),
(15882, 'Tri Asti Nurlista', 31, 0, 'SHKB', 'SISWA', 0),
(15883, 'Ulfa Kurniawati', 31, 0, 'NEZT', 'SISWA', 0),
(15884, 'Yuken Livia', 31, 0, 'ZOID', 'SISWA', 0),
(15885, 'Yuli Eka Purwanti', 31, 0, 'WLJB', 'SISWA', 0),
(15886, 'Ahmad Yulianto', 32, 1, 'KYKD', 'SISWA', 0),
(15887, 'Arin Nurani Pambayun', 32, 0, 'DMBE', 'SISWA', 0),
(15888, 'Athaya Dagna Grisselda', 32, 0, 'VMRO', 'SISWA', 0),
(15889, 'Aulia Fersandi Lestari', 32, 0, 'ONWQ', 'SISWA', 0),
(15890, 'Bekti Surani', 32, 0, 'FCZJ', 'SISWA', 0),
(15891, 'Blantika Artarini Rizka Safitri', 32, 0, 'EBEH', 'SISWA', 0),
(15892, 'Citra Anggita', 32, 0, 'VNAK', 'SISWA', 0),
(15893, 'Dandi Firdos Febriawan', 32, 1, 'EDEA', 'SISWA', 0),
(15894, 'Elsa Nur Maida', 32, 0, 'IEZF', 'SISWA', 0),
(15895, 'Fanya Rahma Maulida', 32, 0, 'ZOPL', 'SISWA', 0),
(15896, 'Fika Amelia Nur Safitri', 32, 0, 'RGNA', 'SISWA', 0),
(15897, 'Firda Rizki Aliya', 32, 0, 'ETRP', 'SISWA', 0),
(15898, 'Firman Rahmadani', 32, 1, 'ESQO', 'SISWA', 0),
(15899, 'Kania Dwi Diva Rani', 32, 0, 'PKKB', 'SISWA', 0),
(15900, 'Kartika Septa Dhiansa', 32, 0, 'MKFB', 'SISWA', 0),
(15901, 'Khoirul Nisa', 32, 0, 'TRCX', 'SISWA', 0),
(15902, 'Khulliyatul Khasanah', 32, 0, 'BTLH', 'SISWA', 0),
(15903, 'Lulu Anggraeni', 32, 0, 'YVVE', 'SISWA', 0),
(15904, 'M. Miftahul Fauzi', 32, 1, 'KNMW', 'SISWA', 0),
(15905, 'Marcellia Dwi Agustin', 32, 0, 'YMIC', 'SISWA', 0),
(15906, 'Nia Agustin', 32, 0, 'AEHG', 'SISWA', 0),
(15907, 'Noih Fitri Amaliah', 32, 0, 'QCWY', 'SISWA', 0),
(15908, 'Prima Melani', 32, 0, 'VIDD', 'SISWA', 0),
(15909, 'Prima Melina', 32, 0, 'NDYI', 'SISWA', 0),
(15910, 'Rani Widya Lestari', 32, 0, 'QXAI', 'SISWA', 0),
(15911, 'Rizkya Berliana', 32, 0, 'QWDS', 'SISWA', 0),
(15912, 'Rossalia Setyawati', 32, 0, 'OPOR', 'SISWA', 0),
(15913, 'Safira Elza Dwi Yanti', 32, 0, 'MYGV', 'SISWA', 0),
(15914, 'Sashi Kirana', 32, 0, 'CRJA', 'SISWA', 0),
(15915, 'Saumu Rahma Ramdani', 32, 0, 'MVMN', 'SISWA', 0),
(15916, 'Septiana Dhela Tri Puspa', 32, 0, 'WHGD', 'SISWA', 0),
(15917, 'Siti Havivah Nur Azizah', 32, 0, 'KZRH', 'SISWA', 0),
(15918, 'Sofia Maharani', 32, 0, 'GWRP', 'SISWA', 0),
(15919, 'Wening Sunarni', 32, 0, 'QZKS', 'SISWA', 0),
(15920, 'Windari Kurniawati', 32, 0, 'QLFB', 'SISWA', 0),
(15921, 'Yuniar Diah Hasanah', 32, 0, 'LECN', 'SISWA', 0),
(15922, 'Alda Sevrina Isrovidini', 33, 0, 'WQMH', 'SISWA', 0),
(15923, 'Amin Nikmah', 33, 0, 'QNQG', 'SISWA', 0),
(15924, 'Ananda Maulia Sari', 33, 0, 'GPTH', 'SISWA', 0),
(15925, 'Atik Margiati', 33, 0, 'PAEW', 'SISWA', 0),
(15926, 'Cherly Fatmah Kusuma Dewi', 33, 0, 'LAEI', 'SISWA', 0),
(15927, 'Clarashinta Yogi Prameswari', 33, 0, 'XESF', 'SISWA', 0),
(15928, 'Delia Ardita Lestari', 33, 0, 'GXWS', 'SISWA', 0),
(15929, 'Ella Faridhati Zein', 33, 0, 'DAOH', 'SISWA', 0),
(15930, 'Fellisia Meilani Putri', 33, 0, 'PPCU', 'SISWA', 0),
(15931, 'Feni Suci Nofiana', 33, 0, 'JUNB', 'SISWA', 0),
(15932, 'Ida Meisaroh', 33, 0, 'HBAI', 'SISWA', 0),
(15933, 'Intan Saputri', 33, 0, 'JEJQ', 'SISWA', 0),
(15934, 'Isti Latifah', 33, 0, 'RFQJ', 'SISWA', 0),
(15935, 'Izki Nur Rochmah', 33, 0, 'SHIG', 'SISWA', 0),
(15936, 'Karisma Yogi Oktaviyani', 33, 0, 'LHWT', 'SISWA', 0),
(15937, 'Laelatul Baqiyah', 33, 0, 'JNCJ', 'SISWA', 0),
(15938, 'M. Amalya Ramadani', 33, 0, 'DPRX', 'SISWA', 0),
(15939, 'Maike Nurul Afifah', 33, 0, 'KXFN', 'SISWA', 0),
(15940, 'Mauludatin Ainin Barozah', 33, 0, 'PBKL', 'SISWA', 0),
(15941, 'Meisaroh Novita Sari', 33, 0, 'MELS', 'SISWA', 0),
(15942, 'Meliana Dwi Saputri', 33, 0, 'YRJU', 'SISWA', 0),
(15943, 'Melli Prasetiyanti', 33, 0, 'YXFL', 'SISWA', 0),
(15944, 'Mutiara Annisa', 33, 0, 'FQGM', 'SISWA', 0),
(15945, 'Nadaa Haafizhoh Nabiilah', 33, 0, 'KPKZ', 'SISWA', 0),
(15946, 'Nia Nur Aisyah', 33, 0, 'GLZS', 'SISWA', 0),
(15947, 'Ning Setiawati', 33, 0, 'SRZO', 'SISWA', 0),
(15948, 'Nita Triyani', 33, 0, 'MEQO', 'SISWA', 0),
(15949, 'Nuni Patwi Rahayu', 33, 0, 'ODDR', 'SISWA', 0),
(15950, 'Nur Aisah', 33, 0, 'NRPR', 'SISWA', 0),
(15951, 'Nur Faidah', 33, 0, 'LJMV', 'SISWA', 0),
(15952, 'Romantika Diana Putri', 33, 0, 'MGEE', 'SISWA', 0),
(15953, 'Siska Ayu Amellia', 33, 0, 'BWCK', 'SISWA', 0),
(15954, 'Stefanie Oktaviana Wijayanti', 33, 0, 'TFIG', 'SISWA', 0),
(15955, 'Umi Hidayati', 33, 0, 'CVQK', 'SISWA', 0),
(15956, 'Wiwin Ayu Fitriyanti', 33, 0, 'WSRC', 'SISWA', 0),
(15957, 'Yulfrida Anugrah Mulyani', 33, 0, 'CFQR', 'SISWA', 0),
(15958, '`Aqilah Rahadatul Aulia', 34, 0, 'GHGG', 'SISWA', 0),
(15959, 'Adelia Zahra Wardani Haryanto Putri', 34, 0, 'AYGF', 'SISWA', 0),
(15960, 'Alvita Dea Faridah', 34, 0, 'NFPE', 'SISWA', 0),
(15961, 'Anggun Aulia Asmaya', 34, 0, 'MSIV', 'SISWA', 0),
(15962, 'Anni Abdillah Ardiyanto', 34, 0, 'PJYQ', 'SISWA', 0),
(15963, 'Aulia Choirunisa Budianti', 34, 0, 'GHWC', 'SISWA', 0),
(15964, 'Aulia Febriyanti Khufron', 34, 0, 'VKYY', 'SISWA', 0),
(15965, 'Ayu Andina Irfansyah', 34, 0, 'JZEN', 'SISWA', 0),
(15966, 'Azizah Nurlaeli', 34, 0, 'RSJG', 'SISWA', 0),
(15967, 'Dea Fatika Nur Adhani', 34, 0, 'APJM', 'SISWA', 0),
(15968, 'Dian Tri Rahayu', 34, 0, 'FJVU', 'SISWA', 0),
(15969, 'Dwi Agus Setiyaningsih', 34, 0, 'FPAJ', 'SISWA', 0),
(15970, 'Efa Safitri', 34, 0, 'MSWP', 'SISWA', 0),
(15971, 'Ela Purwati', 34, 0, 'XBTD', 'SISWA', 0),
(15972, 'Elma Widiarti', 34, 0, 'NRKN', 'SISWA', 0),
(15973, 'Eva Nuriyanti', 34, 0, 'GJRP', 'SISWA', 0),
(15974, 'Evita Nur Hidayati', 34, 0, 'TZHP', 'SISWA', 0),
(15975, 'Fera Anggraini Ika Puspawati', 34, 0, 'ZVWD', 'SISWA', 0),
(15976, 'Friska Liana Ningtias', 34, 0, 'PPZE', 'SISWA', 0),
(15977, 'Kharisma Novianti', 34, 0, 'BFFK', 'SISWA', 0),
(15978, 'Khoiru Zadid Taqwa', 34, 1, 'IWEP', 'SISWA', 0),
(15979, 'Kurnia Darojati', 34, 0, 'BYSW', 'SISWA', 0),
(15980, 'Liana Wulan Dari', 34, 0, 'XXXB', 'SISWA', 0),
(15981, 'Luhayu Wilujeng', 34, 0, 'AMYR', 'SISWA', 0),
(15982, 'Mas Ardi Aas Saputra', 34, 1, 'ZJRB', 'SISWA', 0),
(15983, 'Muhammad Ardhi I.', 34, 1, 'SLVZ', 'SISWA', 0),
(15984, 'Nova Elfira Ramadani', 34, 0, 'RYBD', 'SISWA', 0),
(15985, 'Okti Dwi Riyanti', 34, 0, 'YPFQ', 'SISWA', 0),
(15986, 'Rifma Dewi Kurniawati', 34, 0, 'BWGO', 'SISWA', 0),
(15987, 'Rosy Octafiani', 34, 0, 'IEFY', 'SISWA', 0),
(15988, 'Serly Putri  Fernanda', 34, 0, 'VGJZ', 'SISWA', 0),
(15989, 'Siti Nur Azizah', 34, 0, 'WQHP', 'SISWA', 0),
(15990, 'Stevi Putri Amanda Valentina', 34, 0, 'KJTK', 'SISWA', 0),
(15991, 'Tabah Dwi Andrian', 34, 1, 'RMPD', 'SISWA', 0),
(15992, 'Vania Wimala Apsarini', 34, 0, 'SEDS', 'SISWA', 0),
(15993, 'Yeni Supratman', 34, 1, 'RJNI', 'SISWA', 0),
(15994, 'Adella Gilar Cahya', 35, 0, 'TSVP', 'SISWA', 0),
(15995, 'Adinda Vebriana', 35, 0, 'REWA', 'SISWA', 0),
(15996, 'Aisa Nurul Zahwa', 35, 0, 'SIOA', 'SISWA', 0),
(15997, 'Akbar Saputra', 35, 1, 'HIDS', 'SISWA', 0),
(15998, 'Arina Khoerunnisa', 35, 0, 'XEKP', 'SISWA', 0),
(15999, 'Asih Lusiana', 35, 0, 'TVBP', 'SISWA', 0),
(16000, 'Atha Mahdiyah Salma Putri', 35, 0, 'VCTN', 'SISWA', 0),
(16001, 'Atut Tri Wakhyuni', 35, 0, 'ASRY', 'SISWA', 0),
(16002, 'Aulia Esa Rahmadina', 35, 0, 'XWPW', 'SISWA', 0),
(16004, 'Bayu Pratama', 35, 1, 'CTST', 'SISWA', 0),
(16005, 'Dila Kun Rani Fauziah', 35, 0, 'MRGB', 'SISWA', 0),
(16006, 'Dwi Afriyani', 35, 0, 'LNLF', 'SISWA', 0),
(16007, 'Estri Anggraeni', 35, 0, 'OUZS', 'SISWA', 0),
(16008, 'Farah Fadila', 35, 0, 'GNDY', 'SISWA', 0),
(16009, 'Fatimatuzzahra', 35, 0, 'BNZI', 'SISWA', 0),
(16010, 'Fena Indriyani', 35, 0, 'EJLK', 'SISWA', 0),
(16011, 'Fitna Amalia Mauryn', 35, 0, 'FEAD', 'SISWA', 0),
(16012, 'Hendri Tri Prasetyo', 35, 1, 'PSXK', 'SISWA', 0),
(16013, 'Hermia Setya Nabila', 35, 0, 'MEKF', 'SISWA', 0),
(16014, 'Hikmal Zakharia Achmad', 35, 1, 'GFBI', 'SISWA', 0),
(16015, 'Iin Kurniati', 35, 0, 'RXMX', 'SISWA', 0),
(16016, 'Khuswatun Khasanah', 35, 0, 'QTGM', 'SISWA', 0),
(16017, 'Laelita Yuli Astuti', 35, 0, 'FYYA', 'SISWA', 0),
(16018, 'Maula Firda Afifa', 35, 0, 'XOIO', 'SISWA', 0),
(16019, 'Nafiisah Huwaida', 35, 0, 'SDYQ', 'SISWA', 0),
(16020, 'Noferia Fitriyanti', 35, 0, 'JVLX', 'SISWA', 0),
(16021, 'Nur Fitria', 35, 0, 'GISQ', 'SISWA', 0),
(16022, 'Saptaria Anggraeni', 35, 0, 'TXQR', 'SISWA', 0),
(16023, 'Sastri Mardianti', 35, 0, 'BRLM', 'SISWA', 0),
(16024, 'Sentia Maya Sari Nasution', 35, 0, 'YNLJ', 'SISWA', 0),
(16025, 'Silviyana Suci Harmiasih', 35, 0, 'BABL', 'SISWA', 0),
(16026, 'Tiara Hening Adisma', 35, 0, 'HZKV', 'SISWA', 0),
(16027, 'Wahyu Ahsanul Huda', 35, 1, 'BYEU', 'SISWA', 0),
(16028, 'Yesika Dwi Anggraeni Subekti', 35, 0, 'DUFW', 'SISWA', 0),
(16029, 'Yusnita Anindita Kurnia', 35, 0, 'RAJK', 'SISWA', 0),
(16030, 'Ade Triawan', 36, 1, 'FNGI', 'SISWA', 0),
(16031, 'Ahmad Afrizal', 36, 1, 'KKPV', 'SISWA', 0),
(16032, 'Alfian Naqiyati Azizah', 36, 0, 'VDYY', 'SISWA', 0),
(16033, 'Ana Meilia Hendro Setiyono', 36, 0, 'NUFB', 'SISWA', 0),
(16034, 'Ananing Fitriani', 36, 0, 'EBRL', 'SISWA', 0),
(16035, 'Andien Annisa Fitry', 36, 0, 'RXSY', 'SISWA', 0),
(16036, 'Aprilia Febianti', 36, 0, 'SWBX', 'SISWA', 0),
(16037, 'Cindera Aninda Kinasih', 36, 0, 'PATM', 'SISWA', 0),
(16038, 'Cintania Aryaningrum', 36, 0, 'QCBD', 'SISWA', 0),
(16039, 'Dandi Dwi Mahendra', 36, 1, 'GCEF', 'SISWA', 0),
(16040, 'Defita Yulianingsih', 36, 0, 'XEBG', 'SISWA', 0),
(16041, 'Desti Salsa Sefiana', 36, 0, 'QHEL', 'SISWA', 0),
(16042, 'Dian Rizkika Kurniasih', 36, 0, 'WDZU', 'SISWA', 0),
(16043, 'Dinda Ardytania', 36, 0, 'CLJR', 'SISWA', 0),
(16044, 'Feri Setiawan', 36, 1, 'XYBP', 'SISWA', 0),
(16045, 'Hani Dwi Kumala', 36, 0, 'NILP', 'SISWA', 0),
(16046, 'Ira Wiranti', 36, 0, 'YGGE', 'SISWA', 0),
(16047, 'Kisranti', 36, 0, 'TUJY', 'SISWA', 0),
(16048, 'Lulu Fitriana Laela', 36, 0, 'XGOI', 'SISWA', 0),
(16049, 'Margi Utami Ningsih', 36, 0, 'UFHW', 'SISWA', 0),
(16050, 'Mega Wulandari', 36, 0, 'TPJI', 'SISWA', 0),
(16051, 'Mirshaulinda Aura Orlandy', 36, 0, 'RXQN', 'SISWA', 0),
(16052, 'Putri Gustikawati Nur Aliviani', 36, 0, 'XPEN', 'SISWA', 0),
(16053, 'Raihanah Aisyah Oktaviani', 36, 0, 'KLGX', 'SISWA', 0),
(16054, 'Risma Amalia Damayanti', 36, 0, 'PPGM', 'SISWA', 0),
(16055, 'Rizki Agung', 36, 1, 'RTRT', 'SISWA', 0),
(16056, 'Salsabila Grace Alifah', 36, 0, 'WMTD', 'SISWA', 0),
(16057, 'Septiyani', 36, 0, 'YRCS', 'SISWA', 0),
(16058, 'Shasi Retianti', 36, 0, 'EXQB', 'SISWA', 0),
(16059, 'Siti Nur\'Aisyah', 36, 0, 'KFBH', 'SISWA', 0),
(16060, 'Siti Sri Waliana', 36, 0, 'ZJKX', 'SISWA', 0),
(16061, 'Temi Ariska', 36, 0, 'HFMR', 'SISWA', 0),
(16062, 'Tsaniatun Khoirunnisa', 36, 0, 'CZAQ', 'SISWA', 0),
(16063, 'Widya Suseno', 36, 1, 'ZSRG', 'SISWA', 0),
(16064, 'Yuni Puji Pangestuti', 36, 0, 'LRIZ', 'SISWA', 0),
(16065, 'Yunita Setia Ningsih', 36, 0, 'WIYQ', 'SISWA', 0),
(16066, 'Adila Budi Utami', 37, 0, 'SDRB', 'SISWA', 0),
(16067, '\'Afifah Nurmajid', 37, 0, 'YPER', 'SISWA', 0),
(16068, 'Aira Fatih', 37, 0, 'NEDI', 'SISWA', 0),
(16069, 'Aisa Fitri Shafa Nida', 37, 0, 'NNDE', 'SISWA', 0),
(16070, 'Anggita Dwi Rahmawati', 37, 0, 'TTWD', 'SISWA', 0),
(16071, 'Anisa Agus Ariyani', 37, 0, 'XXUD', 'SISWA', 0),
(16072, 'Deta Ardiyanti', 37, 0, 'UPJA', 'SISWA', 0),
(16073, 'Dhiah Dwi Hartati', 37, 0, 'JYFY', 'SISWA', 0),
(16074, 'Erika Dita Febiola', 37, 0, 'IOEO', 'SISWA', 0),
(16075, 'Fitri Yulianingsih', 37, 0, 'OOIM', 'SISWA', 0),
(16076, 'Harti Rohmi\'Atun', 37, 0, 'WCWL', 'SISWA', 0),
(16077, 'Haryanti', 37, 0, 'UGPE', 'SISWA', 0),
(16078, 'Herlinge Meiliani', 37, 0, 'CDKY', 'SISWA', 0),
(16079, 'Hesti Novita Dewi', 37, 0, 'SHKW', 'SISWA', 0),
(16080, 'Inayah Salsabila', 37, 0, 'ROZZ', 'SISWA', 0),
(16081, 'Isma Nurul Inayah', 37, 0, 'XVYV', 'SISWA', 0),
(16082, 'Isna Farikha Kamila', 37, 0, 'PBDP', 'SISWA', 0),
(16083, 'Janifa', 37, 0, 'ILOI', 'SISWA', 0),
(16084, 'Khairunnisa Zakiyyah', 37, 0, 'SJYG', 'SISWA', 0),
(16085, 'Lovi Laelita', 37, 0, 'RIMB', 'SISWA', 0),
(16086, 'Meyra Wahyu Isnaeni', 37, 0, 'FFJC', 'SISWA', 0),
(16087, 'Mutiara Yuniar Marhaeningsih', 37, 0, 'RMEH', 'SISWA', 0),
(16088, 'Nabila Safira Putri S', 37, 0, 'YJDO', 'SISWA', 0),
(16089, 'Nanda Defani', 37, 0, 'WYPY', 'SISWA', 0),
(16090, 'Novita Dwi Astuti', 37, 0, 'HLQY', 'SISWA', 0),
(16091, 'Putri Puspita Ningsih', 37, 0, 'KSHB', 'SISWA', 0),
(16092, 'Renanda Okdania', 37, 0, 'LZEK', 'SISWA', 0),
(16093, 'Resma Dwi Kurnia', 37, 0, 'XNBM', 'SISWA', 0),
(16094, 'Sekar Mayang Mukti Pratiwi', 37, 0, 'MRMP', 'SISWA', 0),
(16095, 'Septiana Beta Permadani', 37, 0, 'BLAO', 'SISWA', 0),
(16096, 'Sita Annafi Muzdalifah', 37, 0, 'PVRV', 'SISWA', 0),
(16097, 'Sukainah Khanum', 37, 0, 'UAFJ', 'SISWA', 0),
(16098, 'Sumina Suris Retisalya', 37, 0, 'NUOD', 'SISWA', 0),
(16099, 'Syahrani Nanda Zakia', 37, 0, 'RHSG', 'SISWA', 0),
(16100, 'Tania Andreani', 37, 0, 'KOQK', 'SISWA', 0),
(16101, 'Toyibah', 37, 0, 'AMHN', 'SISWA', 0),
(16102, 'Alea Aulia Kesha Purnomo', 38, 0, 'JQIV', 'SISWA', 0),
(16103, 'Alfiana Elsa Anggriyani', 38, 0, 'EARK', 'SISWA', 0),
(16104, 'Alfina Nahya Solekhah', 38, 0, 'IBVG', 'SISWA', 0),
(16105, 'Anik Ma\'Rifah', 38, 0, 'HYGL', 'SISWA', 0),
(16106, 'Annisa Ragil Aprilliani', 38, 0, 'CAOB', 'SISWA', 0),
(16107, 'Asyifa Ratri Fauzia', 38, 0, 'JLBO', 'SISWA', 0),
(16108, 'Aulia Laela Nur Azfa', 38, 0, 'EYZH', 'SISWA', 0),
(16109, 'Catur Meliyana C. S.', 38, 0, 'TTMZ', 'SISWA', 0),
(16110, 'Citra Nur Khasanah', 38, 0, 'LNXP', 'SISWA', 0),
(16111, 'Defi Tri Refiana', 38, 0, 'QBFI', 'SISWA', 0),
(16112, 'Delvi Nur Anisa', 38, 0, 'ROCJ', 'SISWA', 0),
(16113, 'Denisya Hanum Safitri', 38, 0, 'REAG', 'SISWA', 0),
(16114, 'Dewi Hasna` Mu`Afiah', 38, 0, 'LLLI', 'SISWA', 0),
(16115, 'Futichati Nahariah', 38, 0, 'AYVU', 'SISWA', 0),
(16116, 'Gita Septianing Cahya', 38, 0, 'TGYC', 'SISWA', 0),
(16117, 'Hafiza Lutfa Gita Puspitaloka', 38, 0, 'XBVW', 'SISWA', 0),
(16118, 'Hilda Anabela Safitri', 38, 0, 'AWRC', 'SISWA', 0),
(16119, 'Joy Angel Caroline Sidabutar', 38, 0, 'MGOD', 'SISWA', 0),
(16120, 'Lila Legawa', 38, 0, 'MUJV', 'SISWA', 0),
(16121, 'Lilis Handayani Febriana', 38, 0, 'ROBJ', 'SISWA', 0),
(16122, 'Maya Apriliyani', 38, 0, 'DKXK', 'SISWA', 0),
(16123, 'Nisa Ngaisaroh Nurjanah', 38, 0, 'QOMM', 'SISWA', 0),
(16124, 'Nofandi Ramadani', 38, 0, 'QDGU', 'SISWA', 0),
(16125, 'Rahma Lia Azizatun Nisa', 38, 0, 'PNWF', 'SISWA', 0),
(16126, 'Rizqi Melani', 38, 0, 'AWJQ', 'SISWA', 0),
(16127, 'Sabila Reka Agustina', 38, 0, 'JYQP', 'SISWA', 0),
(16128, 'Salsabila Rezqi Ramadhani', 38, 0, 'PENF', 'SISWA', 0),
(16129, 'Sela Angges Elsiandaningsih', 38, 0, 'XDOO', 'SISWA', 0),
(16130, 'Sevia Dwi Sawilah', 38, 0, 'YTNX', 'SISWA', 0),
(16131, 'Sugiarti', 38, 0, 'TKJP', 'SISWA', 0),
(16132, 'Ulqiya Nurul Husna', 38, 0, 'UFCN', 'SISWA', 0),
(16133, 'Wardah Aeni Inayah', 38, 0, 'BHRK', 'SISWA', 0),
(16134, 'Wigati Nur Anggraini', 38, 0, 'JWQN', 'SISWA', 0),
(16135, 'Windu Wulan Sari', 38, 0, 'KOTL', 'SISWA', 0),
(16136, 'Yeni Listiana', 38, 0, 'FFTO', 'SISWA', 0),
(16137, 'Yulia Tri Widianti', 38, 0, 'TMWD', 'SISWA', 0),
(16138, '`Akiqotus Syahriyah', 1, 0, 'IPHE', 'SISWA', 0),
(16139, 'Aprilia Noqia Hartati', 1, 0, 'IDQJ', 'SISWA', 0),
(16140, 'Arif David Faturohman', 1, 1, 'AJZA', 'SISWA', 0),
(16141, 'Askka Praptana', 1, 1, 'BFKV', 'SISWA', 0),
(16142, 'Azis Gita Nugroho', 1, 1, 'HNDU', 'SISWA', 0),
(16143, 'Bagas Endjang Septian', 1, 1, 'YARH', 'SISWA', 0),
(16144, 'Fadilah Rian Anugerah', 1, 1, 'VJEP', 'SISWA', 0),
(16145, 'Fatrio Brian Imanova', 1, 1, 'AYRY', 'SISWA', 0),
(16146, 'Gigih Dwi Gusnandar', 1, 1, 'NBHF', 'SISWA', 0),
(16147, 'Helga Puspita Widyaningrum', 1, 0, 'MGIV', 'SISWA', 0),
(16148, 'Heru Saputra', 1, 1, 'ALIL', 'SISWA', 0),
(16149, 'Indri Dwiyaningsih', 1, 0, 'VGAZ', 'SISWA', 0),
(16150, 'Iqbal Setiya Ramadhani Al Rasyid', 1, 1, 'TSJI', 'SISWA', 0),
(16151, 'Julia Vita Fatimah', 1, 0, 'FHWS', 'SISWA', 0),
(16152, 'Juliyanti', 1, 0, 'ZBWU', 'SISWA', 0),
(16153, 'Kharismatun Su\'Ut', 1, 0, 'HVAG', 'SISWA', 0),
(16154, 'Maulana Fadli', 1, 1, 'LYWY', 'SISWA', 0),
(16155, 'Maulana Syarif Hidayatulloh', 1, 1, 'HOPS', 'SISWA', 0),
(16156, 'Meilina Mayasari', 1, 0, 'PZHB', 'SISWA', 0),
(16157, 'Muhammad Chalil Fachrurazi', 1, 1, 'SJUO', 'SISWA', 0),
(16158, 'Muhammad Ibnu Hajar', 1, 1, 'INUX', 'SISWA', 0),
(16159, 'Ninsa Agita', 1, 0, 'OMXB', 'SISWA', 0),
(16160, 'Oka Rafi Safruloh', 1, 1, 'AJIL', 'SISWA', 0),
(16161, 'Rendi Kurniawan', 1, 1, 'HMEQ', 'SISWA', 0),
(16162, 'Resti Tania Agestina', 1, 0, 'HSYM', 'SISWA', 0),
(16163, 'Retno Dwi Purwanti', 1, 0, 'UKZK', 'SISWA', 0),
(16164, 'Ridho Arifa\'I', 1, 1, 'DCKB', 'SISWA', 0),
(16165, 'Ridho Saputra', 1, 1, 'QOTQ', 'SISWA', 0),
(16166, 'Rizki Mufti Anisa', 1, 0, 'YZUG', 'SISWA', 0),
(16167, 'Salsa Amalia Dewi', 1, 0, 'FCYN', 'SISWA', 0),
(16168, 'Seli Khasanah', 1, 0, 'RHSR', 'SISWA', 0),
(16169, 'Triana Sari', 1, 0, 'WASO', 'SISWA', 0),
(16170, 'Viana Listiani', 1, 0, 'HLIK', 'SISWA', 0),
(16171, 'Widodo Tri Pamungkas', 1, 1, 'KBJZ', 'SISWA', 0),
(16172, 'Yoga Meibara Aditya Nur', 1, 1, 'IZGF', 'SISWA', 0),
(16173, 'Yunianti', 1, 0, 'OSFD', 'SISWA', 0),
(16174, 'Afid Maulana Romadhon', 2, 1, 'XSCD', 'SISWA', 0),
(16175, 'Ahmad Febianto', 2, 1, 'OZUI', 'SISWA', 0),
(16176, 'Akbar Nur Said', 2, 1, 'VKTE', 'SISWA', 0),
(16177, 'Alfi Nur Azizah', 2, 0, 'HWCE', 'SISWA', 0),
(16178, 'Dewi Kunti Rinita', 2, 0, 'TAMD', 'SISWA', 0),
(16179, 'Dimas Wasis Eko Yuwono', 2, 1, 'HHCU', 'SISWA', 0),
(16180, 'Dio Wisnu Gamaliel Sapto Utomo', 2, 1, 'ZSNN', 'SISWA', 0),
(16181, 'Drajat Nur Angkoso', 2, 1, 'ZZCI', 'SISWA', 0),
(16182, 'Faizal Mantovani', 2, 1, 'MZHN', 'SISWA', 0),
(16183, 'Febrianti Firantika', 2, 0, 'MPBO', 'SISWA', 0),
(16184, 'Firman Pratama', 2, 1, 'NIIW', 'SISWA', 0),
(16185, 'Herman', 2, 1, 'PNTC', 'SISWA', 0),
(16186, 'Ilham Jawara Prayoga', 2, 1, 'GKNO', 'SISWA', 0),
(16187, 'Isna Lutfi Rijal', 2, 1, 'ZBFQ', 'SISWA', 0),
(16188, 'Karsiyatun', 2, 0, 'BMSU', 'SISWA', 0),
(16189, 'Maulida Niki Utami', 2, 0, 'IINT', 'SISWA', 0),
(16190, 'Mohamad Sukron Abdulloh', 2, 1, 'RHMW', 'SISWA', 0),
(16191, 'Nadhira Najzwa Chantika', 2, 0, 'NISQ', 'SISWA', 0),
(16192, 'Nadila Triana Wati', 2, 0, 'TWWW', 'SISWA', 0),
(16193, 'Nagita Anggun Nabilla', 2, 0, 'BRQG', 'SISWA', 0),
(16194, 'Nurul Khotimah', 2, 0, 'TRQI', 'SISWA', 0),
(16195, 'Rangga Djati Wichaksono', 2, 1, 'MJYX', 'SISWA', 0),
(16196, 'Rendy Bagus Pratama', 2, 1, 'OSWZ', 'SISWA', 0),
(16197, 'Retno Irmawati', 2, 0, 'IOBZ', 'SISWA', 0),
(16198, 'Riska Aprilian Mulyani', 2, 0, 'YOQP', 'SISWA', 0),
(16199, 'Rizal Asyam Fallahi', 2, 1, 'OHPI', 'SISWA', 0),
(16200, 'Salsa Audi Ramadani', 2, 0, 'UVPW', 'SISWA', 0),
(16201, 'Selma Fiana Nur Ika Saputri', 2, 0, 'WOQH', 'SISWA', 0),
(16202, 'Tegar Ardiansyah', 2, 1, 'AFNS', 'SISWA', 0),
(16203, 'Tria Yuliana', 2, 0, 'IWND', 'SISWA', 0),
(16204, 'Tyas Nur Rahmawati', 2, 0, 'SBBW', 'SISWA', 0),
(16205, 'Umi Fariikhah', 2, 0, 'YAUN', 'SISWA', 0),
(16206, 'Wahid Ba\'Isz Arrazif', 2, 1, 'VTRQ', 'SISWA', 0),
(16207, 'Wahyu Ningsih', 2, 0, 'KNJM', 'SISWA', 0),
(16208, 'Wahyu Tri Nurcahyo', 2, 1, 'VBVX', 'SISWA', 0),
(16209, 'Zimran Gaza Attala', 2, 1, 'JPED', 'SISWA', 0),
(16210, 'Ab\'Risam Haziq Sulistiyono', 3, 1, 'MGAY', 'SISWA', 0),
(16211, 'Adhi Hanafi', 3, 1, 'AAJA', 'SISWA', 0),
(16212, 'Ahnaf Falih Romadhan', 3, 1, 'QBCJ', 'SISWA', 0),
(16213, 'Alfi Aturohmah', 3, 0, 'SOMU', 'SISWA', 0),
(16214, 'Badra Pandu Ramadhan', 3, 1, 'NKYM', 'SISWA', 0),
(16215, 'David Sugiarto', 3, 1, 'CSBX', 'SISWA', 0),
(16216, 'Efi Nur Herawati', 3, 0, 'KDOT', 'SISWA', 0),
(16217, 'Fathurrohman', 3, 1, 'QWBG', 'SISWA', 0),
(16218, 'Fayyis Akbar', 3, 1, 'BZXA', 'SISWA', 0),
(16219, 'Fikri Faiquzzahid', 3, 1, 'JWEA', 'SISWA', 0),
(16220, 'Ghaniya Tri Novelina', 3, 0, 'TMUL', 'SISWA', 0),
(16221, 'Hanif Ashar Priyananda', 3, 1, 'SUTD', 'SISWA', 0),
(16222, 'Hilal Pamungkas', 3, 1, 'SZNQ', 'SISWA', 0),
(16223, 'Isnaeni Khoeriyah', 3, 0, 'HOGX', 'SISWA', 0),
(16224, 'Kharisma Zahra Firmansyah', 3, 1, 'NOEJ', 'SISWA', 0),
(16225, 'Muhamad Agus Adindia', 3, 1, 'KMDZ', 'SISWA', 0),
(16226, 'Muhammad Ali', 3, 1, 'VTJP', 'SISWA', 0),
(16227, 'Muhammad Yanuar Rafsanjani', 3, 1, 'UNVU', 'SISWA', 0),
(16228, 'Nur Aisyah', 3, 0, 'LGAV', 'SISWA', 0),
(16229, 'Nurlaela Agustina', 3, 0, 'ENJP', 'SISWA', 0),
(16230, 'Pamela Savitry Thamrin', 3, 0, 'XPLZ', 'SISWA', 0),
(16231, 'Rahayu Lintang Febriani', 3, 0, 'ETON', 'SISWA', 0),
(16232, 'Rangga Dwi Andriyantoro', 3, 1, 'CTAK', 'SISWA', 0),
(16233, 'Rony Abdi Firmansyah', 3, 1, 'TCGH', 'SISWA', 0),
(16234, 'Sabil Anggoro Kasih', 3, 1, 'TBGZ', 'SISWA', 0),
(16235, 'Sabrina Aulia', 3, 0, 'SZOS', 'SISWA', 0),
(16236, 'Safana Dani Puspita', 3, 0, 'UZWZ', 'SISWA', 0),
(16237, 'Singgih Tri Pamungkas', 3, 1, 'IJLG', 'SISWA', 0),
(16238, 'Tria Monalisa Karina', 3, 0, 'GTDY', 'SISWA', 0),
(16239, 'Unaisa Azzahra', 3, 0, 'VCBD', 'SISWA', 0),
(16240, 'Vendra Rui Pradana', 3, 1, 'DKIQ', 'SISWA', 0),
(16241, 'Winda Ardelia Aristawidya', 3, 0, 'JEAQ', 'SISWA', 0),
(16242, 'Yoga Aji Prasetya', 3, 1, 'NRFO', 'SISWA', 0),
(16243, 'Yussac Ibna Arif', 3, 1, 'GHYK', 'SISWA', 0),
(16244, 'Yuvica Anggraeni Putri', 3, 0, 'VLJW', 'SISWA', 0),
(16245, 'Zulhida Zacky Ulchaq', 3, 1, 'TUOC', 'SISWA', 0),
(16246, 'Adhi Nugroho', 4, 1, 'STKD', 'SISWA', 0),
(16247, 'Ahmad Khoirin', 4, 1, 'LVLT', 'SISWA', 0),
(16248, 'Amanda Nabila Ikhlas Sudini', 4, 0, 'BFGB', 'SISWA', 0),
(16249, 'Anas Nur Cahyaningrum', 4, 0, 'LLHX', 'SISWA', 0),
(16250, 'Anugrah Dinar Wicaksana', 4, 1, 'NPSV', 'SISWA', 0),
(16251, 'Daniel Bayu Abadi', 4, 1, 'MGMM', 'SISWA', 0),
(16252, 'Deni Prastiawan', 4, 1, 'SKPM', 'SISWA', 0),
(16253, 'Endah Wiji Astuti', 4, 0, 'FKFY', 'SISWA', 0),
(16254, 'Erlunsya Rizqi Hidayatullah', 4, 1, 'TZLB', 'SISWA', 0),
(16255, 'Fani Harmawan', 4, 1, 'AWND', 'SISWA', 0),
(16256, 'Fauziah Mayarti', 4, 0, 'JWHN', 'SISWA', 0),
(16257, 'Fira Larasati', 4, 0, 'NTYK', 'SISWA', 0),
(16258, 'Guntur Satrio Dewoningrat', 4, 1, 'JMUS', 'SISWA', 0),
(16259, 'Handy Atmaja Hakim', 4, 1, 'BCIX', 'SISWA', 0),
(16260, 'Hilmi Azaria Santoso', 4, 1, 'ZTOT', 'SISWA', 0),
(16261, 'Joeliandra Diffran Zain', 4, 1, 'PAQA', 'SISWA', 0),
(16262, 'Johan Sebastian Thamrin', 4, 1, 'MNTM', 'SISWA', 0),
(16263, 'Laila Nur Az Zahro', 4, 0, 'JUMN', 'SISWA', 0),
(16264, 'Mahri Zulfendri', 4, 1, 'GIMN', 'SISWA', 0),
(16265, 'Marvin Budi Prasetyo', 4, 1, 'CXBM', 'SISWA', 0),
(16266, 'Maulida Aflah Azizah', 4, 0, 'NHTD', 'SISWA', 0),
(16267, 'Melisa Zahrotunnisa', 4, 0, 'WEUT', 'SISWA', 0),
(16268, 'Nestia Yulianti', 4, 0, 'DYAX', 'SISWA', 0),
(16269, 'Pinkan Silvi Anggraeni', 4, 0, 'KJQP', 'SISWA', 0),
(16270, 'Rafli Aditiya Safikri', 4, 1, 'OKZY', 'SISWA', 0),
(16271, 'Rifki Kurniawan', 4, 1, 'LMLZ', 'SISWA', 0),
(16272, 'Royakul Fadli', 4, 1, 'MBXU', 'SISWA', 0),
(16273, 'Siwi Dwi Nugroho', 4, 1, 'ZYMP', 'SISWA', 0),
(16274, 'Suci Nabila Azzara', 4, 0, 'CKHF', 'SISWA', 0),
(16275, 'Tri Marlisa', 4, 0, 'FZBT', 'SISWA', 0),
(16276, 'Viky Agtria', 4, 1, 'UGMT', 'SISWA', 0),
(16277, 'Wahyu Adi Nugroho', 4, 1, 'GHVK', 'SISWA', 0),
(16278, 'Yolanda Nur Kharisma', 4, 0, 'RWWY', 'SISWA', 0),
(16279, 'Yosi Meiliana Prasasti', 4, 0, 'KDRX', 'SISWA', 0),
(16280, 'Zaky Rendi Andika', 4, 1, 'ADUZ', 'SISWA', 0),
(16281, 'Zenuar Roni Wijaya', 4, 1, 'AFTX', 'SISWA', 0),
(16282, 'Akhmad Fadhlan Rizqy Prasetyo', 5, 1, 'XDNZ', 'SISWA', 0),
(16283, 'Akhmad Rijal', 5, 1, 'YSNR', 'SISWA', 0),
(16284, 'Alfiqto Ilhamulloh', 5, 1, 'BRJI', 'SISWA', 0),
(16285, 'Ani Rahma Sari', 5, 0, 'YYBV', 'SISWA', 0),
(16286, 'Bastian Nurhidayat', 5, 1, 'GWXW', 'SISWA', 0),
(16287, 'Bintang Putra Nusa', 5, 1, 'BVZU', 'SISWA', 0),
(16288, 'Citra Nobela', 5, 0, 'GIMO', 'SISWA', 0),
(16289, 'Deni Andriansyah', 5, 1, 'UXRA', 'SISWA', 0),
(16290, 'Dwi Mahendra Armayoga', 5, 1, 'FZDQ', 'SISWA', 0),
(16291, 'Eka Setianingsih', 5, 0, 'HZGA', 'SISWA', 0),
(16292, 'Eling Triana', 5, 0, 'BSIQ', 'SISWA', 0),
(16293, 'Erly Aulia Ramadhani', 5, 0, 'EXDS', 'SISWA', 0),
(16294, 'Eti Puspitasari', 5, 0, 'PHUR', 'SISWA', 0),
(16295, 'Euro Ewazeta Yogaraksa', 5, 1, 'HUSU', 'SISWA', 0),
(16296, 'Fajar Naylul Muna', 5, 1, 'EPGE', 'SISWA', 0),
(16297, 'Helvika Priyanti', 5, 0, 'SCMT', 'SISWA', 0),
(16298, 'Irfadan Mufadilah', 5, 1, 'YCGP', 'SISWA', 0),
(16299, 'Lu\'Lu\'  Syarifatuzzamiati', 5, 0, 'CNZQ', 'SISWA', 0),
(16300, 'Lutfiza Fajri Afriliyani', 5, 0, 'BPZM', 'SISWA', 0),
(16301, 'M Wahyu Dwiyatmoko', 5, 1, 'HFEW', 'SISWA', 0),
(16302, 'Maesa  Afi  Yani', 5, 0, 'EWNP', 'SISWA', 0),
(16303, 'Maya Dwi Yunita', 5, 0, 'BHHD', 'SISWA', 0),
(16304, 'Muhamad Vian Rista Aji', 5, 1, 'WPWI', 'SISWA', 0),
(16305, 'Muhammad Rizky Al Faishol', 5, 1, 'SYCJ', 'SISWA', 0),
(16306, 'Narulita Oktavia', 5, 0, 'QGQV', 'SISWA', 0),
(16307, 'Nindita Wihdatul Amanah', 5, 0, 'MIIQ', 'SISWA', 0),
(16308, 'Novanda Ardani Putra', 5, 1, 'AGZV', 'SISWA', 0),
(16309, 'Rahma Nilam Afriliani', 5, 0, 'NZSK', 'SISWA', 0),
(16310, 'Rendi Adi Putra', 5, 1, 'CMXT', 'SISWA', 0),
(16311, 'Rendi Okta Nur Muhamad', 5, 1, 'OUME', 'SISWA', 0),
(16312, 'Riyan Muzaka', 5, 1, 'TZKM', 'SISWA', 0),
(16313, 'Senja Allya Rahmadani', 5, 0, 'ALGN', 'SISWA', 0),
(16314, 'Titin Prihatin', 5, 0, 'GCKL', 'SISWA', 0),
(16315, 'Tri Astuti', 5, 0, 'RMKK', 'SISWA', 0),
(16316, 'Trio Abdilah', 5, 1, 'ZJDW', 'SISWA', 0),
(16317, 'Vybramaliera Findri Anisa', 5, 0, 'EBYQ', 'SISWA', 0),
(16318, 'Abie Dika Bintang Putra', 6, 1, 'RMHA', 'SISWA', 0),
(16319, 'Aditya Aprianto Putra', 6, 1, 'USKU', 'SISWA', 0),
(16320, 'Aditya Hanan Ikhwan', 6, 1, 'DJKB', 'SISWA', 0),
(16321, 'Afrijal Gigih Ramadhan', 6, 1, 'JLMZ', 'SISWA', 0),
(16322, 'Ahnaf Surya Bahtiar Syafi', 6, 1, 'JFIH', 'SISWA', 0),
(16323, 'Amanda Amalia Resty', 6, 0, 'MITV', 'SISWA', 0),
(16324, 'Arafi Kholilu Rohman', 6, 1, 'RHDX', 'SISWA', 0),
(16325, 'As. Syifa Ma\'Uluna Hidayah', 6, 0, 'VYOX', 'SISWA', 0),
(16326, 'Azka Nurul Fauzi', 6, 1, 'ESSN', 'SISWA', 0),
(16327, 'Daffa Jausaqi Fauzi', 6, 1, 'NPAS', 'SISWA', 0),
(16328, 'Daif Rifkiansyah', 6, 1, 'MQLN', 'SISWA', 0),
(16329, 'Dwi Ani Laela Nuraisyah', 6, 0, 'WYDL', 'SISWA', 0),
(16330, 'Ernando Julian', 6, 1, 'FRGX', 'SISWA', 0),
(16331, 'Faika Agustin', 6, 0, 'JJRL', 'SISWA', 0),
(16332, 'Firdaus Arya Dewangga', 6, 1, 'JHDQ', 'SISWA', 0),
(16333, 'Gayatri Nevanda Putri', 6, 0, 'KDQL', 'SISWA', 0),
(16334, 'Ghilman Fauzy', 6, 1, 'KLGS', 'SISWA', 0),
(16335, 'Herlinda Sukma Ayu Khaerunnisa', 6, 0, 'PQGB', 'SISWA', 0),
(16336, 'Jeanita Putri Sugiana', 6, 0, 'DEOZ', 'SISWA', 0),
(16337, 'Jessy Nandito Denova', 6, 0, 'ATHP', 'SISWA', 0),
(16338, 'Khansa Tsaabitah \'Affifah', 6, 0, 'XFBW', 'SISWA', 0),
(16339, 'M Ridho Ivansyah', 6, 1, 'KUQN', 'SISWA', 0),
(16340, 'Muhammad Hanubrata Syailendra', 6, 1, 'IYRE', 'SISWA', 0),
(16341, 'Permata Agustin', 6, 0, 'LUNX', 'SISWA', 0),
(16342, 'Puput Feriyani', 6, 0, 'ILQE', 'SISWA', 0),
(16343, 'Riski Setio Utomo', 6, 1, 'SZTC', 'SISWA', 0),
(16344, 'Rizki Nurhidayat Arianto', 6, 1, 'LZXE', 'SISWA', 0),
(16345, 'Titin Fina Lestari', 6, 0, 'XYYN', 'SISWA', 0),
(16346, 'Trias Wahyu Wulandari', 6, 0, 'BODG', 'SISWA', 0),
(16347, 'Virgiansyah Pandiani', 6, 1, 'CTGJ', 'SISWA', 0),
(16348, 'Virgiawan Widy Suratman', 6, 1, 'GCEQ', 'SISWA', 0),
(16349, 'Yesi Dwi Ningtias', 6, 0, 'FPLU', 'SISWA', 0),
(16350, 'Yogi Hana Mufidah', 6, 0, 'BWPV', 'SISWA', 0),
(16351, 'Yuniati Assifa', 6, 0, 'JZCC', 'SISWA', 0),
(16352, 'Zulio Akbar Nuswantoro', 6, 1, 'BBMC', 'SISWA', 0),
(16353, 'Adeliana Lutfi Febriyanti', 7, 0, 'HWKC', 'SISWA', 0),
(16354, 'Aditiyo Nur Santosa', 7, 1, 'LRZE', 'SISWA', 0),
(16355, 'Ajeng Puspita Rini', 7, 0, 'UMRB', 'SISWA', 0),
(16356, 'Alfareza Zulfa Adi Pramukti', 7, 1, 'JPSW', 'SISWA', 0),
(16357, 'Alfina Diani Ayuningtyas', 7, 0, 'BTZB', 'SISWA', 0),
(16358, 'Amalia Zahrotun Nissa', 7, 0, 'EYRM', 'SISWA', 0),
(16359, 'Ananda Ryan Saefulloh', 7, 1, 'RMHR', 'SISWA', 0),
(16360, 'Aryani Wahyu Rahayu', 7, 0, 'JXXD', 'SISWA', 0),
(16361, 'Bagas Priandono', 7, 1, 'SVDH', 'SISWA', 0),
(16362, 'Betsi Ardita', 7, 0, 'PCGT', 'SISWA', 0),
(16363, 'Dianda Dwi Amanah', 7, 0, 'SFCD', 'SISWA', 0),
(16364, 'Didik Saefulloh', 7, 1, 'ETQL', 'SISWA', 0),
(16365, 'Dimas Putra Andika', 7, 1, 'WJZV', 'SISWA', 0),
(16366, 'Faizal Akbar Haqiqi', 7, 1, 'VQCH', 'SISWA', 0),
(16367, 'Febi Ema Tri Utari', 7, 0, 'HEGY', 'SISWA', 0),
(16368, 'Galih Rizka Ramdiayansyah', 7, 1, 'DWMX', 'SISWA', 0),
(16369, 'Intan Virania Agustine', 7, 0, 'ECSA', 'SISWA', 0),
(16370, 'Kamal Felda Ra\'If', 7, 1, 'PRYE', 'SISWA', 0),
(16371, 'Khikmah Alfi Barokah', 7, 0, 'JZQC', 'SISWA', 0),
(16372, 'Lia Tri Ningsih', 7, 0, 'FJNY', 'SISWA', 0),
(16373, 'Lutfiah Rohamah', 7, 0, 'TJMY', 'SISWA', 0),
(16374, 'M. Rivannes Setyaputra', 7, 1, 'BQMM', 'SISWA', 0),
(16375, 'Muhammad Dimas An-Nafi', 7, 1, 'FSGH', 'SISWA', 0),
(16376, 'Nafisah Ratna Mutiara', 7, 0, 'HRTV', 'SISWA', 0),
(16377, 'Naufal Zain Naashiruddin', 7, 1, 'HVFX', 'SISWA', 0),
(16378, 'Nurul Fadilah', 7, 0, 'GEMO', 'SISWA', 0),
(16379, 'Pratama Mega Gustiar', 7, 0, 'IHBT', 'SISWA', 0),
(16380, 'Rafli Lutfiansyah', 7, 1, 'TASR', 'SISWA', 0),
(16381, 'Ria Nazila Rahma', 7, 0, 'KBMA', 'SISWA', 0),
(16382, 'Sanisya Farah', 7, 0, 'JIDH', 'SISWA', 0),
(16383, 'Shofi Nur Azizah', 7, 0, 'BKRB', 'SISWA', 0),
(16384, 'Tegar Pamungkas', 7, 1, 'HOXO', 'SISWA', 0),
(16385, 'Ulul Albab Zidan Fawaid', 7, 1, 'OEOR', 'SISWA', 0),
(16386, 'Untung Prayogi', 7, 1, 'JIXO', 'SISWA', 0),
(16387, 'Yuni Astuti', 7, 0, 'GSCI', 'SISWA', 0),
(16388, 'Zahid Afif Syahranie', 7, 1, 'HRCL', 'SISWA', 0),
(16389, 'Ahmad Khotib', 8, 1, 'VARV', 'SISWA', 0),
(16390, 'Ahmad Surya Nudin', 8, 1, 'GQOZ', 'SISWA', 0),
(16391, 'Alyfah Mellyaningsih', 8, 0, 'OXHU', 'SISWA', 0),
(16392, 'Andri Tri Widodo', 8, 1, 'PGHZ', 'SISWA', 0),
(16393, 'Anita Yogianti', 8, 0, 'ZYGB', 'SISWA', 0),
(16394, 'Annas Rifki Mubarok', 8, 1, 'RTVM', 'SISWA', 0),
(16395, 'Asih Setyowati', 8, 0, 'BDFR', 'SISWA', 0),
(16396, 'Aulia Faqih Nur Hudaya', 8, 1, 'SOTT', 'SISWA', 0),
(16397, 'Azzahra Nur Rahmat', 8, 0, 'YTEN', 'SISWA', 0),
(16398, 'Bryant Dito Pratama', 8, 1, 'UNUX', 'SISWA', 0),
(16399, 'Dimas Nur Wahyu Unggul Prasojo', 8, 1, 'TXUH', 'SISWA', 0),
(16400, 'Dita Nurrahmi', 8, 0, 'ZLTH', 'SISWA', 0),
(16401, 'Doni Hermawan', 8, 1, 'WSUD', 'SISWA', 0),
(16402, 'Duta Zacki Pramudya', 8, 1, 'QHZQ', 'SISWA', 0),
(16403, 'Elzana Revanita', 8, 0, 'XHVW', 'SISWA', 0),
(16404, 'Fatikh Bagus Tsaqif', 8, 1, 'DJKQ', 'SISWA', 0),
(16405, 'Feby Ayunda Budi Pramukti', 8, 0, 'SSJP', 'SISWA', 0),
(16406, 'Halza Anindya Putri', 8, 0, 'XLNQ', 'SISWA', 0),
(16407, 'Helmia Rizki Nurfauzi', 8, 1, 'XDIE', 'SISWA', 0),
(16408, 'Liana Novita Dewi', 8, 0, 'YNNZ', 'SISWA', 0),
(16409, 'Lulu Khoirunnisa', 8, 0, 'WPQQ', 'SISWA', 0),
(16410, 'Maulana Prisma Surya', 8, 1, 'EUYE', 'SISWA', 0),
(16411, 'Muhammad Naufal', 8, 1, 'SBEP', 'SISWA', 0),
(16412, 'Muhammad Ulul Azmi', 8, 1, 'TIYR', 'SISWA', 0),
(16413, 'Muhtalifu Rahmat', 8, 1, 'EHGW', 'SISWA', 0),
(16414, 'Nurlaila Wahyu Amalia', 8, 0, 'CCVN', 'SISWA', 0),
(16415, 'Nurul Hidayah', 8, 0, 'QQWI', 'SISWA', 0),
(16416, 'Puput Rizkiyanti', 8, 0, 'BYJA', 'SISWA', 0),
(16417, 'Retno Eli Nur Safitri', 8, 0, 'TPZD', 'SISWA', 0),
(16418, 'Risma Kamila Azka', 8, 0, 'ACOZ', 'SISWA', 0),
(16419, 'Rohid Daniswara', 8, 1, 'GREH', 'SISWA', 0),
(16420, 'Sifa Nur Hanisah', 8, 0, 'YPAH', 'SISWA', 0),
(16421, 'Tangguh Akmal Wiguna', 8, 1, 'GJQG', 'SISWA', 0),
(16422, 'Tika Yulianti', 8, 0, 'VQMZ', 'SISWA', 0),
(16423, 'Tri Novita Ramadhani', 8, 0, 'TNYC', 'SISWA', 0),
(16424, 'Umu Ngazizah', 8, 0, 'JEJE', 'SISWA', 0),
(16425, 'Adi Setyo Wuryanto', 9, 1, 'ARNT', 'SISWA', 0),
(16426, 'Aji Edo Indrasto', 9, 1, 'ZWDH', 'SISWA', 0),
(16427, 'Asih Yuni Lestari', 9, 0, 'UJPE', 'SISWA', 0),
(16428, 'Ayyash Eundang Nurul Haqi', 9, 1, 'FPMI', 'SISWA', 0),
(16429, 'Aziz Hidayat', 9, 1, 'XMYX', 'SISWA', 0),
(16430, 'Aziz Mulya Yudha', 9, 1, 'YKWY', 'SISWA', 0),
(16431, 'Dafa Putra Dio Trirafista', 9, 1, 'PFGU', 'SISWA', 0),
(16432, 'Dea Liftiani', 9, 0, 'PGYW', 'SISWA', 0),
(16433, 'Devy Yuliyanti', 9, 0, 'RXIN', 'SISWA', 0),
(16434, 'Dwi Nurcahyo Aditama', 9, 1, 'ESBQ', 'SISWA', 0),
(16435, 'Harnum Puji Lestari', 9, 0, 'SENC', 'SISWA', 0),
(16436, 'Isti Nur Laela', 9, 0, 'UMTM', 'SISWA', 0),
(16437, 'Kharisma Nada Listiyani', 9, 0, 'VFCL', 'SISWA', 0),
(16438, 'Khilda Alfia Ni`Mah', 9, 0, 'CDRU', 'SISWA', 0),
(16439, 'Maulan Nurzaky', 9, 1, 'QMGV', 'SISWA', 0),
(16440, 'Mela Ayu Ningtyas', 9, 0, 'PJEF', 'SISWA', 0),
(16441, 'Mudrikatus Sakdiyah', 9, 0, 'JZTD', 'SISWA', 0),
(16442, 'Muhammad Firdaus', 9, 1, 'FPDX', 'SISWA', 0),
(16443, 'Muhammad Muzamil', 9, 1, 'TPBQ', 'SISWA', 0),
(16444, 'Mustakim', 9, 1, 'VCEU', 'SISWA', 0),
(16445, 'Naila Syaqina Syahril', 9, 0, 'DVMB', 'SISWA', 0),
(16446, 'Nauval Maulana Ziban', 9, 1, 'EEFQ', 'SISWA', 0),
(16447, 'Pingky Istikhomah Nur Rarasati', 9, 0, 'EXZR', 'SISWA', 0),
(16448, 'Riyanto', 9, 1, 'DPBW', 'SISWA', 0);
INSERT INTO `user` (`id_user`, `nama`, `id_kelas`, `jk`, `token`, `jenis_user`, `status_pemilihan`) VALUES
(16449, 'Rosdiana Fatmawati', 9, 0, 'JSEC', 'SISWA', 0),
(16450, 'Sapta Bayu Bastiar', 9, 1, 'RTFY', 'SISWA', 0),
(16451, 'Shandys Resi Rosyady', 9, 1, 'IWLV', 'SISWA', 0),
(16452, 'Siti Nur Ma\'Rifah', 9, 0, 'AZCS', 'SISWA', 0),
(16453, 'Surya Putra Adhitya', 9, 1, 'JALX', 'SISWA', 0),
(16454, 'Susi Yunda Amelia', 9, 0, 'XSKG', 'SISWA', 0),
(16455, 'Syifa Hasnayah', 9, 0, 'YFFM', 'SISWA', 0),
(16456, 'Uun Arsit Tamara', 9, 0, 'OFCT', 'SISWA', 0),
(16457, 'Vella Mu\'Asaroh', 9, 0, 'FHMG', 'SISWA', 0),
(16458, 'Windi Liya Sari Nawang Kusuma', 9, 0, 'AJRZ', 'SISWA', 0),
(16459, 'Yolan Kurnia Januarsa', 9, 1, 'VJYH', 'SISWA', 0),
(16460, 'Yuni Rizkiana', 9, 0, 'CWLQ', 'SISWA', 0),
(16461, 'Adelia Putri Ardhita', 10, 0, 'UHNS', 'SISWA', 0),
(16462, 'Agit Citra Puri', 10, 0, 'YUXQ', 'SISWA', 0),
(16463, 'Ahmad Roizin', 10, 1, 'GBVC', 'SISWA', 0),
(16464, 'Dewi Ayu Herawati', 10, 0, 'ETPB', 'SISWA', 0),
(16465, 'Diaz Salsa Rizqi', 10, 0, 'QYBX', 'SISWA', 0),
(16466, 'Dina Febriyanti', 10, 0, 'KLSK', 'SISWA', 0),
(16467, 'Erni Febriantika', 10, 0, 'BQTC', 'SISWA', 0),
(16468, 'Fajar Nurlaeli', 10, 0, 'VDNY', 'SISWA', 0),
(16469, 'Febrica Cindy Sulistiani', 10, 0, 'TIDA', 'SISWA', 0),
(16470, 'Febriyanti Yustiya Ningsih', 10, 0, 'JQBJ', 'SISWA', 0),
(16471, 'Febry Leonard Kurniawan', 10, 1, 'PMWO', 'SISWA', 0),
(16472, 'Fieqi Alvanindya Lizy Lidzaqi', 10, 0, 'GIVF', 'SISWA', 0),
(16473, 'Fira Eka Avrilianingsih', 10, 0, 'GUOM', 'SISWA', 0),
(16474, 'Irna Aulia', 10, 0, 'WHJD', 'SISWA', 0),
(16475, 'Isna Maulidah', 10, 0, 'CKLI', 'SISWA', 0),
(16476, 'Ivna Nur Viana', 10, 0, 'MRFS', 'SISWA', 0),
(16477, 'Khoerul Fuad', 10, 1, 'SJJU', 'SISWA', 0),
(16478, 'Laras Windiastuti', 10, 0, 'VBMI', 'SISWA', 0),
(16479, 'Maylani Dhita Setyowati', 10, 0, 'LILE', 'SISWA', 0),
(16480, 'Melisa Wardani', 10, 0, 'WWCC', 'SISWA', 0),
(16481, 'Muhamad Afandi', 10, 1, 'IOBU', 'SISWA', 0),
(16482, 'Nabila Resty Khansa', 10, 0, 'AIVZ', 'SISWA', 0),
(16483, 'Nita Anjani', 10, 0, 'MKMB', 'SISWA', 0),
(16484, 'Putri Nuralimah', 10, 0, 'TVRE', 'SISWA', 0),
(16485, 'Qori Yunita Sari', 10, 0, 'SAFR', 'SISWA', 0),
(16486, 'Rahita Triya Saputri', 10, 0, 'GYOT', 'SISWA', 0),
(16487, 'Raihanah Ghina Pratiwi', 10, 0, 'MPQC', 'SISWA', 0),
(16488, 'Regy Wisnu Aditya', 10, 1, 'KBLL', 'SISWA', 0),
(16489, 'Restri Kartika Maharani', 10, 0, 'XGGC', 'SISWA', 0),
(16490, 'Revika Dani Wijayanti', 10, 0, 'FMAH', 'SISWA', 0),
(16491, 'Selvi Ananda Oktavia', 10, 0, 'JPUW', 'SISWA', 0),
(16492, 'Tri Widayanti', 10, 0, 'ANFS', 'SISWA', 0),
(16493, 'Trias Sabilatul Khusna', 10, 0, 'EBYQ', 'SISWA', 0),
(16494, 'Wanda Wahyu Setiyaningrum', 10, 0, 'CKGM', 'SISWA', 0),
(16495, 'Zhela Bulan Widiastuti', 10, 0, 'JBAN', 'SISWA', 0),
(16496, 'Assri Utami', 11, 0, 'QBXM', 'SISWA', 0),
(16497, 'Aura Cahya Wulandari', 11, 0, 'CWFI', 'SISWA', 0),
(16498, 'Cahyaningrum Dwi Zahra', 11, 0, 'YIQV', 'SISWA', 0),
(16499, 'Dina Aminarti', 11, 0, 'DMQZ', 'SISWA', 0),
(16500, 'Eka Wahyu Lestari', 11, 0, 'ACSQ', 'SISWA', 0),
(16501, 'Ela', 11, 0, 'ACIV', 'SISWA', 0),
(16502, 'Elda Nur Fadillah', 11, 0, 'IBCN', 'SISWA', 0),
(16503, 'Eli Trianingsih', 11, 0, 'COYZ', 'SISWA', 0),
(16504, 'Eri Sofiyah', 11, 0, 'BHKO', 'SISWA', 0),
(16505, 'Eva Laras Setiyasari', 11, 0, 'PEGV', 'SISWA', 0),
(16506, 'Farida Hastuti', 11, 0, 'MLJF', 'SISWA', 0),
(16507, 'Firli Indayah', 11, 0, 'DWEW', 'SISWA', 0),
(16508, 'Fitrah Laeli Nurrohmah', 11, 0, 'XIYJ', 'SISWA', 0),
(16509, 'Kamelia Sagita Ahya', 11, 0, 'GWLJ', 'SISWA', 0),
(16510, 'Laela Sofiana Zain', 11, 0, 'IVWV', 'SISWA', 0),
(16511, 'Lailika Saufa Nuarita', 11, 0, 'NVKZ', 'SISWA', 0),
(16512, 'Mariska Tri Widianti', 11, 0, 'MYOS', 'SISWA', 0),
(16513, 'Mawar Kusuma Wardani', 11, 0, 'KOUU', 'SISWA', 0),
(16514, 'Melia Ariani', 11, 0, 'ERMU', 'SISWA', 0),
(16515, 'Monika Dwi Prastiawati', 11, 0, 'VPZT', 'SISWA', 0),
(16516, 'Nadhira Safa Ainunnisa', 11, 0, 'DIRJ', 'SISWA', 0),
(16517, 'Novalia Rakhmah Damayanti', 11, 0, 'BVCK', 'SISWA', 0),
(16518, 'Novia Rahma Putri', 11, 0, 'RTIS', 'SISWA', 0),
(16519, 'Novika Khusnul Chotimah', 11, 0, 'LJCR', 'SISWA', 0),
(16520, 'Nur Fitriana Uji Lestari', 11, 0, 'JPSU', 'SISWA', 0),
(16521, 'Ratna Anjani', 11, 0, 'WKBY', 'SISWA', 0),
(16522, 'Reka Widayani', 11, 0, 'RCNZ', 'SISWA', 0),
(16523, 'Riska Dwi Muktia Ningrum', 11, 0, 'UTQB', 'SISWA', 0),
(16524, 'Roifatun Hasanah', 11, 0, 'OSWA', 'SISWA', 0),
(16525, 'Selvi Oktavia Rahmawati', 11, 0, 'SBBS', 'SISWA', 0),
(16526, 'Septia Sari', 11, 0, 'UQWL', 'SISWA', 0),
(16527, 'Sevira Ivana Putri', 11, 0, 'VRZF', 'SISWA', 0),
(16528, 'Syafa Saha Rani', 11, 0, 'ETNG', 'SISWA', 0),
(16529, 'Uun Masunah', 11, 0, 'HKMW', 'SISWA', 0),
(16530, 'Wiji Olivia', 11, 0, 'HUPR', 'SISWA', 0),
(16531, 'Yesika Abellia', 11, 0, 'YWAB', 'SISWA', 0),
(16532, 'Adek Sari Elma Gusnila', 12, 0, 'MAWM', 'SISWA', 0),
(16533, 'Ana Lutfi Sofiatun', 12, 0, 'MYQA', 'SISWA', 0),
(16534, 'Chalista Nurul Utami', 12, 0, 'MGFO', 'SISWA', 0),
(16535, 'Delia Zahra Rufansta', 12, 0, 'RRBR', 'SISWA', 0),
(16536, 'Denisa Sarasati', 12, 0, 'AMDQ', 'SISWA', 0),
(16537, 'Dewi Ayu Anggorowati', 12, 0, 'SBFZ', 'SISWA', 0),
(16538, 'Dian Rahayu', 12, 0, 'FPLY', 'SISWA', 0),
(16539, 'Dianingati Mega Putri', 12, 0, 'OJBL', 'SISWA', 0),
(16540, 'Elin Agustin', 12, 0, 'GHPZ', 'SISWA', 0),
(16541, 'Eri Husnia', 12, 0, 'XEIC', 'SISWA', 0),
(16542, 'Farah Aulia Azzahra', 12, 0, 'OUPY', 'SISWA', 0),
(16543, 'Febi Handayani', 12, 0, 'RLCL', 'SISWA', 0),
(16544, 'Hera Dina Agus Faeta', 12, 0, 'PMBN', 'SISWA', 0),
(16545, 'Hikmayatun', 12, 0, 'WZHW', 'SISWA', 0),
(16546, 'Ika Nofya', 12, 0, 'YGWM', 'SISWA', 0),
(16547, 'Indah Nuraini', 12, 0, 'CHVV', 'SISWA', 0),
(16548, 'Intan Yunita  Zein', 12, 0, 'ZLBR', 'SISWA', 0),
(16549, 'Melani Putria Syifa Shauma', 12, 0, 'RYNU', 'SISWA', 0),
(16550, 'Nabila Rafa Anindya', 12, 0, 'IZAK', 'SISWA', 0),
(16551, 'Niky Anugrah Tri Andini', 12, 0, 'AIRE', 'SISWA', 0),
(16552, 'Nofriyana Listia Indriyani', 12, 0, 'HDKD', 'SISWA', 0),
(16553, 'Nurlia Lali Lia', 12, 0, 'RYAT', 'SISWA', 0),
(16554, 'Putri Aulia Vahlianti Hidayat', 12, 0, 'DMOU', 'SISWA', 0),
(16555, 'Rahma Safitri', 12, 0, 'DPHG', 'SISWA', 0),
(16556, 'Saftina Azzakiyah', 12, 0, 'ATAY', 'SISWA', 0),
(16557, 'Salsabila Juni Afianti', 12, 0, 'FSSZ', 'SISWA', 0),
(16558, 'Salsabila Kalida Zia', 12, 0, 'MNRD', 'SISWA', 0),
(16559, 'Sekar Dwi Yuliawati', 12, 0, 'KDXN', 'SISWA', 0),
(16560, 'Selfiana Melisia Subekti', 12, 0, 'PBHE', 'SISWA', 0),
(16561, 'Siska Norma Yunita', 12, 0, 'ITHT', 'SISWA', 0),
(16562, 'Suci Nikmatun', 12, 0, 'NWUU', 'SISWA', 0),
(16563, 'Tia Ratna Ningsih', 12, 0, 'HLHV', 'SISWA', 0),
(16564, 'Tiyas Setiyaningsih', 12, 0, 'BTFN', 'SISWA', 0),
(16565, 'Windu Astuti', 12, 0, 'TZAI', 'SISWA', 0),
(16566, 'Yeni Fitri Afidah', 12, 0, 'ZXUY', 'SISWA', 0),
(16567, 'Yuriandiva Mayalistiani', 12, 0, 'RPSP', 'SISWA', 0),
(16568, 'Alifa Niswatul Zahari', 13, 0, 'JLIU', 'SISWA', 0),
(16569, 'Alivia Syafira Nirani', 13, 0, 'QJFH', 'SISWA', 0),
(16570, 'Amalia Dwi Purnamasari', 13, 0, 'QXCT', 'SISWA', 0),
(16571, 'Anisa Dila Agustin', 13, 0, 'GYKT', 'SISWA', 0),
(16572, 'Annisa Nurulia Hidayah', 13, 0, 'HRJW', 'SISWA', 0),
(16573, 'Asri Dwi Agustina', 13, 0, 'MWOY', 'SISWA', 0),
(16574, 'Aulia Meisya Abdullah', 13, 0, 'GJGQ', 'SISWA', 0),
(16575, 'Azizzah Farida Rahmah', 13, 0, 'NTDK', 'SISWA', 0),
(16576, 'Azzahra Nasywa Estyning Devi', 13, 0, 'EQMB', 'SISWA', 0),
(16577, 'Deva Nabilla', 13, 0, 'VNLU', 'SISWA', 0),
(16578, 'Dina Rosdiana', 13, 0, 'MRNL', 'SISWA', 0),
(16579, 'Dyah Ayu Puspandari', 13, 0, 'SIVY', 'SISWA', 0),
(16580, 'Fajar Kirana Rukmi', 13, 0, 'RZMM', 'SISWA', 0),
(16581, 'Fira Andriana Dewi', 13, 0, 'BBLN', 'SISWA', 0),
(16582, 'Karina Amaliah Nur Kurnia', 13, 0, 'IFHR', 'SISWA', 0),
(16583, 'Latifah May Isnaeni Al Zaminati', 13, 0, 'QNMJ', 'SISWA', 0),
(16584, 'Laylita Savira Anindhiya', 13, 0, 'PAOP', 'SISWA', 0),
(16585, 'Lilih Hijriah Wati', 13, 0, 'DHSH', 'SISWA', 0),
(16586, 'Liza Safiah Alwani', 13, 0, 'MHVQ', 'SISWA', 0),
(16587, 'Melinda Putri Natasya Kellianto', 13, 0, 'CSUG', 'SISWA', 0),
(16588, 'Melvin Devi Elistanti', 13, 0, 'GACH', 'SISWA', 0),
(16589, 'Nadia Nur Afita', 13, 0, 'LQNJ', 'SISWA', 0),
(16590, 'Nadiah Nikmah Khairiyah', 13, 0, 'ZDSW', 'SISWA', 0),
(16591, 'Nagita Eka Arista', 13, 0, 'EMPZ', 'SISWA', 0),
(16592, 'Nova Nur Ramandhani', 13, 0, 'JAJJ', 'SISWA', 0),
(16593, 'Novika Andini Rahayu', 13, 0, 'PQXC', 'SISWA', 0),
(16594, 'Reni Ika Astuti', 13, 0, 'TFSN', 'SISWA', 0),
(16595, 'Rosyida Tri Oktafiani', 13, 0, 'XETI', 'SISWA', 0),
(16596, 'Sabila Fatika Nur Azizah', 13, 0, 'RPXP', 'SISWA', 0),
(16597, 'Safitri Wahyu Agustin', 13, 0, 'SFNI', 'SISWA', 0),
(16598, 'Siti Nur Chotimah', 13, 0, 'XRNC', 'SISWA', 0),
(16599, 'Sofiya Hidayah', 13, 0, 'EAHX', 'SISWA', 0),
(16600, 'Vidia Assifa Faticha', 13, 0, 'KXWP', 'SISWA', 0),
(16601, 'Vintania Asmiliyansyah', 13, 0, 'GOOW', 'SISWA', 0),
(16602, 'Vivi Hartini', 13, 0, 'LXAI', 'SISWA', 0),
(16603, 'Yohani Shandra Vanesha', 13, 0, 'DSFL', 'SISWA', 0),
(16604, 'Afiyah Arifatika', 14, 0, 'LOII', 'SISWA', 0),
(16605, 'Agfani Riskia Dewi', 14, 0, 'XJCT', 'SISWA', 0),
(16606, 'Alfira Yuli Rahmawati', 14, 0, 'CECX', 'SISWA', 0),
(16607, 'Anggi Tri Finarni', 14, 0, 'RZAO', 'SISWA', 0),
(16608, 'Anisa Agustina Prayogi', 14, 0, 'WPXE', 'SISWA', 0),
(16609, 'Anisa Nurrohmah', 14, 0, 'MXIH', 'SISWA', 0),
(16610, 'Ayu Fitriani', 14, 0, 'AJDC', 'SISWA', 0),
(16611, 'Chairunnika Erda Sarassati', 14, 0, 'METY', 'SISWA', 0),
(16612, 'Desiana Rahayu', 14, 0, 'HWKH', 'SISWA', 0),
(16613, 'Egi Candra Artikasari', 14, 0, 'NESA', 'SISWA', 0),
(16614, 'Elsa Puspa Septiana', 14, 0, 'WVAH', 'SISWA', 0),
(16615, 'Iba Trisnaningrum', 14, 0, 'UWTN', 'SISWA', 0),
(16616, 'Icuk Indriyani', 14, 0, 'UOUJ', 'SISWA', 0),
(16617, 'Karunia Dinda Sokawati', 14, 0, 'QUFM', 'SISWA', 0),
(16618, 'Mahdina Tri Andaruni', 14, 0, 'WYTD', 'SISWA', 0),
(16619, 'Maratus Solihah', 14, 0, 'ZIPK', 'SISWA', 0),
(16620, 'Naeni Nur Khafifah', 14, 0, 'LZOF', 'SISWA', 0),
(16621, 'Nazari Salsabila Widiani', 14, 0, 'DJUM', 'SISWA', 0),
(16622, 'Odi Sahra Ramadani', 14, 0, 'PBDQ', 'SISWA', 0),
(16623, 'Puji Fitri Setyaningsih', 14, 0, 'IKNM', 'SISWA', 0),
(16624, 'Putri Salsania Adisti', 14, 0, 'BZWW', 'SISWA', 0),
(16625, 'Rakhma Luthfiana Agustin', 14, 0, 'VMYY', 'SISWA', 0),
(16626, 'Reni Fatmawati', 14, 0, 'IVAF', 'SISWA', 0),
(16627, 'Reno Oky Arwanda', 14, 1, 'JNOD', 'SISWA', 0),
(16628, 'Rulita Tusiarini', 14, 0, 'CBTU', 'SISWA', 0),
(16629, 'Sabila Nazwa Nurhafizah', 14, 0, 'DMQS', 'SISWA', 0),
(16630, 'Safira Ratnadewati', 14, 0, 'STIE', 'SISWA', 0),
(16631, 'Salma Nur Sahillah', 14, 0, 'NDZW', 'SISWA', 0),
(16632, 'Silviana Anggriviviani', 14, 0, 'LPNV', 'SISWA', 0),
(16633, 'Singgih Putra Wijaksono', 14, 1, 'AFXE', 'SISWA', 0),
(16634, 'Taat Wahyu Sejati', 14, 1, 'AIMG', 'SISWA', 0),
(16635, 'Uszlifa Yahrotun Ningsih', 14, 1, 'IAOU', 'SISWA', 0),
(16636, 'Vionita Agustin Zalva', 14, 0, 'XXIP', 'SISWA', 0),
(16637, 'Wahyu Rofitanury', 14, 0, 'DEQR', 'SISWA', 0),
(16638, 'Yumna Belarosiva', 14, 0, 'CHHX', 'SISWA', 0),
(16639, 'Zahra Nurlita Putri', 14, 0, 'VOVJ', 'SISWA', 0),
(16640, 'Aisyah Nurul Safitri', 15, 0, 'ENUG', 'SISWA', 0),
(16641, 'Ananda Restu Prasodjo', 15, 1, 'RNFQ', 'SISWA', 0),
(16642, 'Anugrah Yoland Maulidia', 15, 0, 'MPRH', 'SISWA', 0),
(16643, 'Arly Maila Fadia', 15, 0, 'YNPO', 'SISWA', 0),
(16644, 'Awanda Hany Lestari', 15, 0, 'OLPO', 'SISWA', 0),
(16645, 'Azhaar Musyarofah', 15, 0, 'LOTV', 'SISWA', 0),
(16646, 'Demaris Yulian Astika', 15, 0, 'OKPH', 'SISWA', 0),
(16647, 'Denis Laela Panca Ningtias', 15, 0, 'SDEW', 'SISWA', 0),
(16648, 'Devi Cahya Ningrum', 15, 0, 'GUEQ', 'SISWA', 0),
(16649, 'Dhiva Oqi Erlinda', 15, 0, 'YEFQ', 'SISWA', 0),
(16650, 'Edi Cahyo Nugroho', 15, 1, 'JFNN', 'SISWA', 0),
(16651, 'Ferin Kurnia Putri', 15, 0, 'GYFC', 'SISWA', 0),
(16652, 'Feron Putra Lisma', 15, 1, 'YBCG', 'SISWA', 0),
(16653, 'Fifi Amelia Lutfiani', 15, 0, 'BENR', 'SISWA', 0),
(16654, 'Hawwin Yogi Apriliya', 15, 0, 'QLGQ', 'SISWA', 0),
(16655, 'Inayah Salma Afifah', 15, 0, 'ACDD', 'SISWA', 0),
(16656, 'Ivni Nur Viani', 15, 0, 'MKPU', 'SISWA', 0),
(16657, 'Laely Nur Azizah', 15, 0, 'CQVC', 'SISWA', 0),
(16658, 'Lulu Ardina Putri', 15, 0, 'TRPO', 'SISWA', 0),
(16659, 'Maulida A`Yundini', 15, 0, 'QVML', 'SISWA', 0),
(16660, 'Melifa Dewi Astriana', 15, 0, 'CVJE', 'SISWA', 0),
(16661, 'Nisa Nabilatun \'Abidah', 15, 0, 'ITDF', 'SISWA', 0),
(16662, 'Nur Barokah', 15, 0, 'SKQF', 'SISWA', 0),
(16663, 'Putik Pilar Sari', 15, 0, 'KDVW', 'SISWA', 0),
(16664, 'Putri Awaliyah', 15, 0, 'SIHH', 'SISWA', 0),
(16665, 'Ranggita Lexsy Perdana', 15, 1, 'VLNO', 'SISWA', 0),
(16666, 'Reni Fitriani', 15, 0, 'RZZZ', 'SISWA', 0),
(16667, 'Reni Restiyani', 15, 0, 'QCVS', 'SISWA', 0),
(16668, 'Rina Tri Rahayu', 15, 0, 'VHGL', 'SISWA', 0),
(16669, 'Riski Fathurohman', 15, 1, 'CPDG', 'SISWA', 0),
(16670, 'Risky Ida Pratiwi', 15, 0, 'ABVF', 'SISWA', 0),
(16671, 'Sovilia Dwi Nurlita', 15, 0, 'WTUB', 'SISWA', 0),
(16672, 'Syanatya Diva Rahmawati', 15, 0, 'NHKD', 'SISWA', 0),
(16673, 'Tertia Nila Putri', 15, 0, 'EGXA', 'SISWA', 0),
(16674, 'Tringkas Wulan Malfiyan', 15, 0, 'TWZG', 'SISWA', 0),
(16675, 'Virdania Santika', 15, 0, 'BCTM', 'SISWA', 0),
(16676, 'Aditya Yoga Pratama', 16, 1, 'YLOO', 'SISWA', 0),
(16677, 'Agista Dwi Winarsih', 16, 0, 'XDZV', 'SISWA', 0),
(16678, 'Agustin Alfiyanti', 16, 0, 'DDHV', 'SISWA', 0),
(16679, 'Amalia Nisaul Fadhilah', 16, 0, 'ODTI', 'SISWA', 0),
(16680, 'Amalia Priutami', 16, 0, 'YSHM', 'SISWA', 0),
(16681, 'Asyifa Yastina Nugraini', 16, 0, 'EPLY', 'SISWA', 0),
(16682, 'Azzahra Putri Pradita Sari', 16, 0, 'SWGX', 'SISWA', 0),
(16683, 'Belinda Aprilia', 16, 0, 'TYIA', 'SISWA', 0),
(16684, 'Chairunnisa Enda Larassati', 16, 0, 'NPEG', 'SISWA', 0),
(16685, 'Citra Aprilia Saputri', 16, 0, 'ZATK', 'SISWA', 0),
(16686, 'Devi Larasati', 16, 0, 'RQLF', 'SISWA', 0),
(16687, 'Dinar Isya Nabella', 16, 0, 'RVZW', 'SISWA', 0),
(16688, 'Dita Ardianti', 16, 0, 'ETRI', 'SISWA', 0),
(16689, 'Diva Tia Ataya', 16, 0, 'QMGY', 'SISWA', 0),
(16690, 'Fadhilah Nur Aini', 16, 0, 'RNMX', 'SISWA', 0),
(16691, 'Febrina Amanda', 16, 0, 'REFM', 'SISWA', 0),
(16692, 'Firly Pramudita Fachriza', 16, 0, 'GVWE', 'SISWA', 0),
(16693, 'Hafidza Rindu Fauzia', 16, 0, 'HAVH', 'SISWA', 0),
(16694, 'Khofifah Nur Maizaroh', 16, 0, 'DSSQ', 'SISWA', 0),
(16695, 'Maulida Ahadiyah', 16, 0, 'LZEC', 'SISWA', 0),
(16696, 'Nadia Nova Karisma', 16, 0, 'KDOE', 'SISWA', 0),
(16697, 'Pravanghasta Sulistya Yanglevi Tri Joan Waningyun', 16, 0, 'ZMEU', 'SISWA', 0),
(16698, 'Rahmadhian Dwi Prastiyanti', 16, 0, 'AUVW', 'SISWA', 0),
(16699, 'Rena Fitriana', 16, 0, 'EGUO', 'SISWA', 0),
(16700, 'Retno Heryundari', 16, 0, 'DNKC', 'SISWA', 0),
(16701, 'Rheinaziliyant Isma Ul Fauziah', 16, 0, 'URQQ', 'SISWA', 0),
(16702, 'Risky Triwidodo', 16, 1, 'YTYJ', 'SISWA', 0),
(16703, 'Risqi Adi Saputra', 16, 1, 'YENQ', 'SISWA', 0),
(16704, 'Rizqi Miftakhul Huda', 16, 1, 'MTPU', 'SISWA', 0),
(16705, 'Sabrina Cita Rahayu', 16, 0, 'IISG', 'SISWA', 0),
(16706, 'Sabrina Lailatul Khusna', 16, 0, 'LTAH', 'SISWA', 0),
(16707, 'Sabrina Milata Kaffah', 16, 0, 'VOWL', 'SISWA', 0),
(16708, 'Tara Pradina', 16, 0, 'IOOZ', 'SISWA', 0),
(16709, 'Vara Mellyana', 16, 0, 'XLXB', 'SISWA', 0),
(16710, 'Vera Deka Restian', 16, 0, 'BNBA', 'SISWA', 0),
(16711, 'Vifi Sefiana', 16, 0, 'EUTS', 'SISWA', 0),
(16712, 'Adinia Nurazizah Putri', 17, 0, 'EGXT', 'SISWA', 0),
(16713, 'Alfiah Prima Sejati', 17, 0, 'YUKP', 'SISWA', 0),
(16714, 'Anisa Nurhayati', 17, 0, 'GIUD', 'SISWA', 0),
(16715, 'Aulia Rahmawati', 17, 0, 'UAYN', 'SISWA', 0),
(16716, 'Dalila Nur Zahra', 17, 0, 'LFNZ', 'SISWA', 0),
(16717, 'Dea Rahmawati', 17, 0, 'YMMM', 'SISWA', 0),
(16718, 'Dini Rika Ristanti', 17, 0, 'XZYP', 'SISWA', 0),
(16719, 'Dwi Feriyani', 17, 0, 'RIUC', 'SISWA', 0),
(16720, 'Ellyana Putri', 17, 0, 'PJUZ', 'SISWA', 0),
(16721, 'Erika', 17, 0, 'VEUE', 'SISWA', 0),
(16722, 'Erika Mellyana Nur Fajrianti', 17, 0, 'UHES', 'SISWA', 0),
(16723, 'Ernawati Sri Rahayu', 17, 0, 'EJSN', 'SISWA', 0),
(16724, 'Fina Yuliana', 17, 0, 'WAJY', 'SISWA', 0),
(16725, 'Hafizah Zuriyat Tayyibah', 17, 0, 'POCN', 'SISWA', 0),
(16726, 'Ira Irfiana', 17, 0, 'TOSX', 'SISWA', 0),
(16727, 'Ismi Kurnia Rahmadani', 17, 0, 'IHFU', 'SISWA', 0),
(16728, 'Listiana Nurmalita Dewi', 17, 0, 'QNJG', 'SISWA', 0),
(16729, 'Marbella Asa Tri Kurnia', 17, 0, 'FBVH', 'SISWA', 0),
(16730, 'Mellisa Dwi Cahyani', 17, 0, 'LWXM', 'SISWA', 0),
(16731, 'Mellyana Yasfa', 17, 0, 'ICHG', 'SISWA', 0),
(16732, 'Nur Aini Latifah', 17, 0, 'XXYO', 'SISWA', 0),
(16733, 'Nurlaila', 17, 0, 'BFLX', 'SISWA', 0),
(16734, 'Qinthara Nur Faza', 17, 0, 'ILHG', 'SISWA', 0),
(16735, 'Raffasya Satria Aditama', 17, 1, 'IUCM', 'SISWA', 0),
(16736, 'Rodhatus Syarifah', 17, 0, 'GQAV', 'SISWA', 0),
(16737, 'Sabrila Najwa Alfara', 17, 0, 'HFVK', 'SISWA', 0),
(16738, 'Sabrina Cintya Zahra', 17, 0, 'EVBU', 'SISWA', 0),
(16739, 'Salsabila Ratri Pramudita', 17, 0, 'GZXT', 'SISWA', 0),
(16740, 'Satria Rizki Saputra', 17, 1, 'LIDJ', 'SISWA', 0),
(16741, 'Siti Masriyah', 17, 0, 'FZNU', 'SISWA', 0),
(16742, 'Tegar Albriyan', 17, 1, 'AABV', 'SISWA', 0),
(16743, 'Tri Maulina Soffah', 17, 0, 'CXGV', 'SISWA', 0),
(16744, 'Triani Ayu Kinasih', 17, 0, 'IDCO', 'SISWA', 0),
(16745, 'Uswatun Chasanah', 17, 0, 'VSND', 'SISWA', 0),
(16746, 'Uswatun Yuliana Zain', 17, 0, 'RRBH', 'SISWA', 0),
(16747, 'Yanuar Setio Nugroho', 17, 1, 'QVTM', 'SISWA', 0),
(16748, 'Adilla Kuswidiati', 18, 0, 'QEQM', 'SISWA', 0),
(16749, 'Alfiana Okta Nuraini', 18, 0, 'QTGN', 'SISWA', 0),
(16750, 'Alin Suci Ramadhanti', 18, 0, 'TFMJ', 'SISWA', 0),
(16751, 'Anggi Purdiawati', 18, 0, 'NYTU', 'SISWA', 0),
(16752, 'Anggi Yuliana', 18, 0, 'FBEF', 'SISWA', 0),
(16753, 'Anisa Isnaini Sakinah', 18, 0, 'OWMD', 'SISWA', 0),
(16754, 'Anisa Rahmawati', 18, 0, 'KSOL', 'SISWA', 0),
(16755, 'Damaeka Aura Maulidya', 18, 0, 'NQLK', 'SISWA', 0),
(16756, 'Defi Tri Septiani', 18, 0, 'ARLG', 'SISWA', 0),
(16757, 'Desvita Rahmawati', 18, 0, 'RLLX', 'SISWA', 0),
(16758, 'Dian Putri Wijaya', 18, 0, 'CECX', 'SISWA', 0),
(16759, 'Dyah Putri Wulandari', 18, 0, 'SCDR', 'SISWA', 0),
(16760, 'Erna Hidayati', 18, 0, 'HUOF', 'SISWA', 0),
(16761, 'Fara Elisia Mutia Sari', 18, 0, 'EJEA', 'SISWA', 0),
(16762, 'Farah Maulida', 18, 0, 'WHBJ', 'SISWA', 0),
(16763, 'Felisha Ardiyana', 18, 0, 'JXYM', 'SISWA', 0),
(16764, 'Khuri Aprilia Dewi', 18, 0, 'HMAY', 'SISWA', 0),
(16765, 'Kristya Zyakly Aprilia', 18, 0, 'QSRJ', 'SISWA', 0),
(16766, 'Laeni Aprillia', 18, 0, 'QWQD', 'SISWA', 0),
(16767, 'Libriana Winda Oktaria', 18, 0, 'EULC', 'SISWA', 0),
(16768, 'Lirna Mei Yasti', 18, 0, 'VNEZ', 'SISWA', 0),
(16769, 'Maylani Windi Astuti', 18, 0, 'KVSM', 'SISWA', 0),
(16770, 'Mega Nanda Wulan Agustin', 18, 0, 'WASI', 'SISWA', 0),
(16771, 'Nabila Ziar Ibrahim', 18, 0, 'DTLD', 'SISWA', 0),
(16772, 'Nefalia Damayanti', 18, 0, 'PNKL', 'SISWA', 0),
(16773, 'Nurul Aeni', 18, 0, 'WZOB', 'SISWA', 0),
(16774, 'Nurul Safina An Najah', 18, 0, 'HOZJ', 'SISWA', 0),
(16775, 'Oky Ramadhani', 18, 0, 'EVNH', 'SISWA', 0),
(16776, 'Resti Dwi Zahro Qurota \'Ainina', 18, 0, 'ILLC', 'SISWA', 0),
(16777, 'Rina Febriyani', 18, 0, 'IDRJ', 'SISWA', 0),
(16778, 'Risma Yogi Aprilliana', 18, 0, 'LKOW', 'SISWA', 0),
(16779, 'Rivana Rezeky Agustia', 18, 0, 'HNYE', 'SISWA', 0),
(16780, 'Seny Oktovia', 18, 0, 'OVIK', 'SISWA', 0),
(16781, 'Suci Rakhmawati', 18, 0, 'ZJJH', 'SISWA', 0),
(16782, 'Teguh Aprilia', 18, 0, 'GBLH', 'SISWA', 0),
(16783, 'Tria Listiani', 18, 0, 'BTAC', 'SISWA', 0),
(16784, 'Alyafi Tri Qurrotunisa', 19, 0, 'XLWK', 'SISWA', 0),
(16785, 'Amelia Fitrianti', 19, 0, 'GBTB', 'SISWA', 0),
(16786, 'Amelia Ramadhani', 19, 0, 'QORV', 'SISWA', 0),
(16787, 'Arrafika Mauly Azzahra', 19, 0, 'WWDR', 'SISWA', 0),
(16788, 'Asih Windiarti', 19, 0, 'RINX', 'SISWA', 0),
(16789, 'Avifah Eksa Mahera', 19, 0, 'QFWS', 'SISWA', 0),
(16790, 'Defina Safalia', 19, 0, 'BGOJ', 'SISWA', 0),
(16791, 'Diah Pertiwi', 19, 0, 'DQID', 'SISWA', 0),
(16792, 'Dian Wulandini', 19, 0, 'WDMS', 'SISWA', 0),
(16793, 'Difani Fris Kiansyah', 19, 0, 'IXNB', 'SISWA', 0),
(16794, 'Dwi Nur Halimah', 19, 0, 'YIUD', 'SISWA', 0),
(16795, 'Fatimatuzzahra', 19, 0, 'HVPP', 'SISWA', 0),
(16796, 'Intan Nur Fitria', 19, 0, 'CUGX', 'SISWA', 0),
(16797, 'Irfa Nur Azizah', 19, 0, 'MPSM', 'SISWA', 0),
(16798, 'Lilis Indarti', 19, 0, 'YNMU', 'SISWA', 0),
(16799, 'Luqman Hidayatulloh', 19, 1, 'JBKS', 'SISWA', 0),
(16800, 'Maritsa Ilma Sabrika', 19, 0, 'MGEQ', 'SISWA', 0),
(16801, 'Melinda Ade Irawan', 19, 1, 'OVKH', 'SISWA', 0),
(16802, 'Miftakhul Amalia Putri', 19, 0, 'BPTJ', 'SISWA', 0),
(16803, 'Nada Julia Ambar', 19, 0, 'XXTH', 'SISWA', 0),
(16804, 'Nadia Khoeronika Saputri', 19, 0, 'WJVR', 'SISWA', 0),
(16805, 'Nadia Putri Salsabila', 19, 0, 'GVPI', 'SISWA', 0),
(16806, 'Nanda Safitri', 19, 0, 'ESWM', 'SISWA', 0),
(16807, 'Ninik Tri Anjany', 19, 0, 'LCIC', 'SISWA', 0),
(16808, 'Nisyra Ilma Rizqi', 19, 0, 'SCTY', 'SISWA', 0),
(16809, 'Novita Widi Astuti', 19, 0, 'DOPU', 'SISWA', 0),
(16810, 'Noviyatun Saputri', 19, 0, 'NWLA', 'SISWA', 0),
(16811, 'Nurul Faidah', 19, 0, 'HCPK', 'SISWA', 0),
(16812, 'Putri Ahista Kushi', 19, 0, 'GYJN', 'SISWA', 0),
(16813, 'Riyo Nofiyanto', 19, 1, 'TITA', 'SISWA', 0),
(16814, 'Stevie Budi Maharani', 19, 0, 'QKQR', 'SISWA', 0),
(16815, 'Vera Dwi Sukesi', 19, 0, 'ZKLT', 'SISWA', 0),
(16816, 'Vita Anggriani', 19, 0, 'PQQH', 'SISWA', 0),
(16817, 'Wafi Amalia Nafisah', 19, 0, 'FDLG', 'SISWA', 0),
(16818, 'Yogi Ragelia', 19, 0, 'PEUZ', 'SISWA', 0),
(16819, 'Yulia Sovi Rahmawati', 19, 0, 'NUQR', 'SISWA', 0);

-- --------------------------------------------------------

--
-- Table structure for table `waktu_pemilihan`
--

CREATE TABLE `waktu_pemilihan` (
  `mulai_pemilihan` datetime NOT NULL,
  `akhir_pemilihan` datetime NOT NULL
) ENGINE=InnoDB DEFAULT CHARSET=latin1;

--
-- Indexes for dumped tables
--

--
-- Indexes for table `admin`
--
ALTER TABLE `admin`
  ADD PRIMARY KEY (`id_admin`);

--
-- Indexes for table `aspirasi`
--
ALTER TABLE `aspirasi`
  ADD PRIMARY KEY (`id_aspirasi`);

--
-- Indexes for table `calon`
--
ALTER TABLE `calon`
  ADD PRIMARY KEY (`id_calon`);

--
-- Indexes for table `kelas`
--
ALTER TABLE `kelas`
  ADD PRIMARY KEY (`id_kelas`);

--
-- Indexes for table `user`
--
ALTER TABLE `user`
  ADD PRIMARY KEY (`id_user`);

--
-- AUTO_INCREMENT for dumped tables
--

--
-- AUTO_INCREMENT for table `admin`
--
ALTER TABLE `admin`
  MODIFY `id_admin` int(10) NOT NULL AUTO_INCREMENT, AUTO_INCREMENT=3;

--
-- AUTO_INCREMENT for table `aspirasi`
--
ALTER TABLE `aspirasi`
  MODIFY `id_aspirasi` int(10) NOT NULL AUTO_INCREMENT;

--
-- AUTO_INCREMENT for table `calon`
--
ALTER TABLE `calon`
  MODIFY `id_calon` int(10) NOT NULL AUTO_INCREMENT;

--
-- AUTO_INCREMENT for table `kelas`
--
ALTER TABLE `kelas`
  MODIFY `id_kelas` int(10) NOT NULL AUTO_INCREMENT, AUTO_INCREMENT=58;
COMMIT;

/*!40101 SET CHARACTER_SET_CLIENT=@OLD_CHARACTER_SET_CLIENT */;
/*!40101 SET CHARACTER_SET_RESULTS=@OLD_CHARACTER_SET_RESULTS */;
/*!40101 SET COLLATION_CONNECTION=@OLD_COLLATION_CONNECTION */;
